0;x;0;55.605386814317384,53.35331554952043,54.720694526881935,56.92287146389728,55.006628102033694,56.76710207386643,56.563766508811746,56.80165743053422,53.47646073802479,58.11737797243687,52.08919488879831,32.49280118161488,53.677915808706025,56.48799977345173,25.566172819363167
1;x;0;17.4,8.6,8.2,12.9,4.3,3.2,14.1,0.8,10.8,11.2,5.4,3.0
2;x;0;68.94836231613206,73.25394099774093,70.90691028667284,70.16463981441514,72.51848916474692,40.82712715995258,66.49872231073901,70.58877698563033,69.67215731415288,68.72009478694638,69.10380027685054,70.04866170282672,70.57974881939855,69.61983163225042,70.79100417571371,57.52229179775476,70.06259730255512,72.79628444888469,69.98016546537087,69.53435820309008,70.02795192541937,67.28898193780083,70.85735077650607,69.22317528458912,70.47750407933816,67.52246317041929,40.373425370139316
3;x;0;63.9,80.7,63.0,62.9,63.2,63.4,63.7,65.4,62.9,62.6,64.2,63.8,64.4,63.9,62.7,54.4,62.6,64.6,46.0,53.2,63.6,64.8,63.3,62.8,74.1,63.5,61.4,65.5,64.4,64.0,61.6,62.7,64.1,63.8,63.1,78.2,63.7
4;x;0;30.169351176834034,34.457376809282984,31.308416246608367,30.104209394454813,30.098294297016206,29.602642703189805,11.429776042695982,30.246668746013505,25.16473851541334,23.309611618339172,28.405825220214194,29.100964510188092,28.49436093102625,26.29693230152461,24.54820848303725,27.59244594735781,29.25053300593797,31.5219762492817,29.950122651605547,27.04867113334901,28.286918314464828,26.74409546088564,28.951332263877788
5;x;0;13.6,12.3,10.8,13.0,23.4,12.1,10.1,12.4,11.7,13.6,11.7,9.2,11.0,11.1,11.8,10.9,12.7,11.9,10.8,11.4,13.4,10.5,12.8,12.0,22.6,11.0,12.0,12.5,10.8,13.9,11.1,10.9,11.6,9.7
6;x;0;84.53692516351677,87.96319467640213,87.05782802122292,89.62118179218024,87.78568842888807,94.1625933487408,85.25420571105161,85.76362818222923,86.92462881802585,84.68608807181924,83.34514631156813,89.38426305041699,84.37974276337154,88.05194437242011,89.15190370428651,86.84395087758783,87.51165327884769,94.37357126079188,96.22129005623182,95.96977564119697,56.050015852837085,89.10847798424487,94.1843280226543,90.13813239151408,87.2169998369009,90.43493336576425,88.01469562148043,92.65001854371995,91.61674338763376,82.49815440638297,85.80670934521383
7;x;0;15.4,17.0,11.6,19.6,13.8,16.2,19.6,9.2,12.4,13.1,-7.8,12.3,10.9,15.0,11.0,23.8,22.8,12.2
8;x;0;89.97323590305984,82.56704487269198,84.79451846359454,91.49851110159554,91.82642498748496,96.20361833404286,84.83133047788091,83.76526318259826,90.17449985406655
9;x;0;83.8,90.7,89.7,87.2,120.0,83.8,88.8,86.9,84.6,79.9,85.2
10;x;0;32.523900980416585,34.06667939613076,32.44810364619308,31.791437518556805,32.1350028736645,33.73326034154181,32.97545376380486,52.56925208191897,33.029223402360934,32.669647383493924,30.987843671166882,32.21230405232791,68.54287702355339,31.375895483015306,32.58746958019492,31.368820417836798,33.172880124770955,7.536945217045112,31.847812681496205,33.048217913912886,31.869443686708816,31.50494375924884,32.08769575904682,32.00935607546914,32.254380825392126,32.16351851357757,32.80900816924615,32.58629001306536,31.500243213014222,33.374217861568624
11;x;0;12.0,13.4,10.5,14.1,8.7,15.9,19.6,18.9,16.5,13.8,16.5,17.0,20.3,23.2,10.5,46.8,20.1,14.7,19.5,10.4
12;x;0;66.78741343422936,76.65204850992208,73.30982018082616,71.2014619055335,70.17186071684645,69.82655810891106,39.240492041604654,69.91146848295288,66.82534474829254,68.38797346710408,71.88415832093726,65.69657815473926,71.2428809313731,65.56357786330817,63.14854535622396,69.25329870593256,64.55274315220967,64.93069547709865,69.85790082103253,63.39965364792377,71.54359513563995,68.46311075678445,76.26676309712168,56.251635734577164,71.62725259594347
13;x;0;13.2,11.9,-26.2,17.3,15.2,12.5,17.4,13.3,10.3,6.8,11.4,12.7,0.2,5.1,13.8,11.9,10.2,11.3,9.3,24.1,12.9,16.5,7.1,9.5,24.4
14;x;0;84.89647657410738,90.09710974172712,91.19026195991947,97.0631707544496,101.45165857236472,85.91749370797089,93.77131636296117,96.62777196627262
15;x;0;64.9,65.7,61.8,56.8,61.7,59.3,62.4,56.7,65.5,67.0,60.9,61.8,62.1,57.8,63.7,66.1,62.6,65.7
16;x;0;28.09775927242955,25.246421935141992,34.4309630751232,24.18740387181015,22.233852046317466,21.88605688988354,-6.4891694300506195,22.402101060427018,28.763329198740724,24.410156612935552,25.09000416002895,32.38594255047527,30.410010274635905,27.100453637277948,18.793555955301944,22.510195572633798,21.008586135512346,29.455332496413543,29.355761685777694,24.672361513367804,23.90096609542387,30.840925760631208,20.550754605306366,26.048213451109106,29.441561024723974,33.290409225214255,25.031757645170153,17.957130728255276
17;x;0;88.6,88.4,99.6,85.2,90.1,79.4,81.5,87.3,97.7,95.0,120.4,90.0,86.3,90.1,90.6,88.5,93.3,96.3,92.0,86.2,67.2,92.8,85.0,93.1,99.6,90.2,87.4,102.5,90.5,91.5,89.1,92.6,78.8,81.5
18;x;0;33.54375274261769,82.93888931982458,9.261785961030025,11.910003970591763,13.373929557000839,23.895284114618814,9.820300992928281,16.755837041240685,2.751274505234001,13.269561785609682,19.03550157017087,8.791338981626716,13.801939870446782,15.188463297833726,11.593866160960946,12.253141411043362,15.249134365397472,10.582669005043456,18.814677195539574,10.053303378956315,16.668990053390953,-13.719791332316078
19;x;0;31.7,34.5,33.2,30.1,34.4,32.4,31.6,33.7,30.1,35.3,68.1,37.2,32.6
20;x;0;56.159944517138584,53.106498978820184,54.61375282782677,59.087471952347734,57.73413668083131,51.7832008531657,54.88416354577952,63.36321096846174,67.24294459805603,64.41530938551341,53.82731728402591,55.90104096472182,55.97750711104728,57.66343685731153,56.248799699364994,44.23992473095601,55.222390360806536,54.720237341741495,55.51056494986453,55.815104719030465,59.07488318239502,68.87294653281648,55.133877571158784,55.20884323127846,55.44351348438319,59.355988937736015,57.335047364044996,54.389986637364245,55.54331160861386,70.5630193229869,59.555664987450264,59.013102336860705,50.62866157671681,56.000214567812655
21;x;0;4.6,2.8,5.4,4.4,2.1,7.7,2.8,6.6,3.8,3.4,3.6,3.1,3.5,4.3,6.8,4.9,3.0,-39.4,47.8,3.2,1.9,8.2,4.3,4.8,2.3,5.2,2.0,2.4,4.0,7.1,6.4,2.3,4.2,-8.4,6.5,3.1,2.9,5.2,-6.0,13.4
22;x;0;25.78256174632418,24.445806065702435,24.16001823393404,25.093017109123018,25.000662552288354,13.459615756422739,28.182822430615804,24.703414967852765,29.10079730991202,24.26378301074541,27.44071998058651,27.22040775987206,25.956341309637946,23.21076083408053,28.42379055330801,28.834053045236807,62.85116063882786,26.206310021245123,26.802438109762104,28.41772467408517,26.53568504198608,-2.7350903775208835,27.16097498763207
23;x;0;76.9,68.9,71.5,67.9,75.3,85.5,103.2,66.1,76.2,74.3,68.9,71.4,117.0,68.9,69.2,62.5,73.9,64.4,63.4,75.1,26.8,68.3,69.0,65.5,69.3,76.7,75.0,72.4,67.2,77.2,75.8
24;x;0;66.96215943173237,55.31101427174873,71.16195816127733,68.15309057892135,69.46984328732744,62.072443442309435,68.74653462710837
25;x;0;59.2,78.0,42.9,69.6,75.8,70.4,75.7,75.7,67.0,78.7,70.3,67.1,25.7,68.3,62.5,73.8
26;x;0;71.20954835190733,70.04371335226294,69.52833892531966,70.31510162477264,82.85054120871284,71.08587811990728,61.359710666606254,69.88283825998164,69.21871793952597,72.20914021102787,70.9747668349432,70.8623820201302,67.32206700979226,68.63057014236593,68.64051795262725,62.874034522440525
27;x;0;95.1,96.0,95.1,99.3,95.1,100.3,96.8,92.3,91.3,96.6,99.1,97.2,94.2,63.6,95.2,91.9,91.7,101.2,96.0,96.8,96.3,66.7,99.6,99.3,100.7,98.0,95.1,94.1,100.0,95.4,99.3,96.4,99.4,95.5,100.3,98.1,97.0
28;x;0;39.653408590541396,45.85965294121226,41.09618477123815,44.39801300424617,38.510824583283174,41.3627339509393,44.553572828635936,50.84898184465415,41.64027995383126,41.14530153276523,41.64254601679252,43.964194745726076,42.19460804799834,42.877945547699326,42.00592448489008,44.518681837434386,43.07568209536066,40.95910862135755,40.42909179760684,42.49402381796774,40.44539861955504,42.7906793088842,41.88119281610465,43.438548313257535,42.84754749519709,40.96489480798765,45.85507718250919
29;x;0;105.1,69.8,69.8,70.2,69.6,69.4,68.9,69.8,70.7,88.0,70.8,69.9,70.4,69.7,70.1,70.2,72.3,69.7,70.3,69.7,69.4,70.4,68.7,69.6,70.3,69.6,70.3,68.7,69.9,70.1,68.6,70.3,70.3,68.6,69.8,68.8,70.0,69.6
30;x;0;8.35785355125395,11.716278373034179,12.409584428917583,10.310475004941964,4.858370653449205,6.940307884182353
31;x;0;28.7,28.4,29.7,27.4,26.9,28.3,28.1,27.1,28.3,29.4,27.2,28.4,27.8,28.3,27.2,27.3,27.8,26.7,28.8,28.6,29.1,27.0,27.6
32;x;0;44.00068157964499,40.390685780192946,41.45417150439432,43.27483981751395,41.73431390499092,43.2255012700439,40.49543971760444,42.35683263932471,42.52547044395036,42.10509124173605,45.80123849316244,44.67019142325978,42.967979148163145,43.97609819748157,44.123638873227115,41.12486775538481,42.74671725725604,43.90515641632334,11.604049267867083,42.08754129698232,42.41188129799136,41.655363895050286,40.82756280840533,43.029616553513414,41.534893727539576,43.3006972615762,41.47528838946834,44.36958580280302,43.70342399990513,43.48101118577309,42.68622864492654,42.039360413338414,42.666467764049095,43.415567642812775,44.473991975760846
33;x;0;83.3,83.0,83.4,83.3,83.2,83.1,83.3,83.1,83.1,83.2,83.0,83.1,83.2,83.2,83.3,83.2,83.1,83.2,83.3,83.4,83.2,83.2,83.1,83.3,83.2,83.3,83.3,83.3,83.2,83.3
34;x;0;19.41634524624335,23.945425606131426,18.905983013177,20.513104448063817,21.087751102714243,23.964126882904623,55.87385301807277,17.511374903559293,24.679912704158184,26.307618207920928,20.156222258811646,-1.9218680101286445,22.447121328647032,28.214604811312952,27.048628162926242
35;x;0;11.0,10.9,10.4,10.3,10.3,10.8,10.8,10.2,10.0,10.7,10.9,10.1,10.6,11.3,10.4,10.4,10.6,9.9
36;x;0;81.23830393565194,78.53412920035578,80.036629102689,80.46387537609138,56.24573896054599,78.03203091659593,80.64329894110999,79.79423708504066
37;x;0;22.8,24.8,24.7,22.3,23.9,24.2,25.2,18.9,22.2,26.7,23.2,25.8,-17.9,22.2,18.2,24.1,19.0,18.4,27.3,24.0,29.9,27.5,22.5,15.9,21.4,26.0,24.9,20.2,26.8,22.8,-9.4,27.7,30.6,23.4,27.4,26.1,5.9,25.2,27.9,27.4
38;x;0;76.65803797792869,69.06520284430809,72.15480073754519,70.06904359596194,72.69005529033464,71.28473638717183,74.32332983193798,69.6457703508204,119.42088403088954,69.95648102711922
39;x;0;78.7,34.5,10.8,34.9,37.0,36.8,34.6,33.4,35.3,35.6,33.4,37.9
40;x;0;4.714225888877552,11.366645083633482,0.4065083190706922,4.9502171624566405,9.544919946609578,7.566408566304881,11.08533483464463,14.35238259592806,13.027802369991253,3.6043837902795444,5.786720073967624,7.098781464674551,5.244888179787166,6.950178970532427,12.367214078537987,10.82291454717994,14.597893273197364,11.447153906538762,15.447395655831787,8.153356192328447,9.698413097476607,2.020139558173314,-0.8227136326444464,29.89842739191461,14.084007888984818
41;x;0;90.5,89.3,91.1,93.2,91.0,91.3,91.0,93.4,91.0,77.3,88.4,92.2,92.2,91.2,90.3,90.4,92.1,107.2,94.2,83.2,91.0,91.9,92.2,91.8,89.5,92.9,92.3,89.5,90.3,91.4,91.3
42;x;0;52.33970033879614,51.944732002106335,52.14666138662097,52.047770580932315,51.93291261439041,52.460218579594425,52.00781644278018,52.61116435760296,52.181701562495746,52.04156855051192,52.33094060831046
43;x;0;100.1,100.4,97.8,112.3,98.9,96.1,96.6,98.8,101.7,96.1,98.2,95.1,97.1,99.5,94.1,100.9,98.1,100.0,98.0
44;x;0;38.80328175288186,41.85849330940023,40.12179201062546,32.36728673340587,38.93276723441998,41.976865515999776,39.024020365965235,26.45969365408799,34.235355215884084,37.29573359274149,40.316290412166,39.02229096577444,34.86402594325864,36.37883458462346,37.88791827668157,31.66178221289453,38.44828178622779,31.716994878762797,40.97754176871073,40.05318095853389,39.85648983868449,32.90308147810174,38.995885453006025
45;x;0;63.4,62.8,63.2,63.0,62.0,64.8,63.1,64.5,70.9,61.7,63.1,63.5,62.6,64.3,61.7,64.0,65.5,63.1,61.6,61.6,65.4,63.9,62.7
46;x;0;45.66090750794253,46.62732163622344,48.741765888936435,45.76891212479202,20.420751490864564,44.71911060016595,47.44888956290004,46.387938401893464,43.543416542932825,45.37853509613531,46.029668832596926,55.61289844859497,46.6201903749931
47;x;0;68.2,67.3,70.8,67.9,69.8,70.3,81.5,68.0,71.5,66.3,67.1,32.0,69.0,69.4,69.3,69.4,68.7,69.9,67.7,70.0,68.4,68.6,67.6,66.9,67.8,71.1,67.6,70.4,68.3,69.6,67.9,68.1,67.7,51.3
48;x;0;59.989210065616504,59.956915991011876,66.61270362548723,56.32356349214801,63.63549281503108,63.00435377280671,60.73821902480527,67.09791852628351,60.51625251328086,57.43773216419737,63.070660988493565,58.474137025782056,63.938733048870155,56.310517633106265,63.72076671905711,62.16498549111815,46.92684196027526,60.097787285584204,61.214414841406196
49;x;0;36.4,28.2,29.6,27.4,37.0,102.8,32.8,34.8
50;x;0;60.877677258933296,64.84961507615132,65.71404377529083,64.36929774289744,70.16616899003472,61.02915583847477,71.48637611229506,70.39080739381244,106.3660382952628,61.611270664730085,58.62728646393273,69.20723923872714
51;x;0;13.4,13.1,16.1,13.5,20.9,14.7,6.7,4.4,5.9,6.2,15.5,9.5,12.7,5.3,14.3,18.7,4.3,10.9,42.2,1.9,14.3,7.7,11.7,7.8,11.5,43.8,11.7,4.6,-1.9,9.4,19.1,9.5,5.0,11.1,13.1,11.4,2.1,31.2,8.0,8.6
52;x;0;35.08684480365906,20.386810708590044,26.13230230911995,22.242217601596675,30.314458528653375,25.384487183312338,23.59153881908685,19.006169139169145,16.830122632400688,20.832275674723967,25.94816675129091,19.155852340866605,16.937826623793512,27.899658077276342,29.828707363293873
53;x;0;12.5,9.5,10.1,11.7,10.9,16.6,11.2,5.1,12.3,8.0,9.4,13.5,9.9,23.2,7.5,10.5,8.8,10.6,11.0,12.0,10.4,6.9,30.3,4.8,6.3
54;x;0;5.300916713297866,12.15729516397276,12.865535481574996,15.01772498088252,15.620748826674909,9.797819487574115,12.671766415536014,17.203823054499946,17.823362876580028,10.103835009270888,20.548991170995713,8.700640824705747
55;x;0;62.7,15.9,62.6,62.2,64.9,64.9,59.7,57.9,61.2,65.2,61.7,64.2,64.0,62.3,75.4,52.6,65.3,60.8
56;x;0;22.901029603805625,32.11650801522778,31.45687163191084,25.836383749351118,23.000037880294713,24.32900523079918,30.190118551429386,25.976653219568473,28.647101320736372,23.641082251574424,25.856192484778006,27.707354036655886,17.92807886051898,25.73366418382691,24.020784984989,30.345738612417676,25.48968652374093,18.412832766783076,20.506940137357976,23.147098469639538,25.40611343097897,27.290088825479177,26.32919846128588
57;x;0;57.1,58.1,57.8,52.8,54.9,57.0,55.9,56.0,56.9,66.0,57.5,61.2,54.2,57.8,57.8,58.0,59.6,56.2,55.3
58;x;0;82.21396868664023,82.50815411544156,82.41908602414883,82.33502694697157,23.999682928705425,83.49510299984252,34.58835480169758,84.02576365546834,83.26490765671511,82.76833220503354,82.68336120339103,83.17766047461858,83.26240630642025
59;x;0;78.0,75.8,76.7,76.8,74.2,44.0,74.8,77.8,76.1,72.9,77.9,57.6,98.2,156.4,77.0,75.6,80.8,76.3,78.2,73.6,77.7,76.9,113.8,108.2,78.3,78.2,76.0,77.2,80.5,74.2,76.3,76.3,76.2,78.5
60;x;0;7.201979247843737,7.216156483049456,7.259634141840874,7.392372245524691,7.1766545599717855,7.360894985994519,7.187241207524066,7.0946250064846765,7.171821043918849,7.337120969125924,6.889063390744813,28.53617305614847,2.8715725569250976,7.503642363264128,7.2739868585640854,7.351470854793156,6.996190687787927,7.226692673789211,7.164259048763634,7.400148383598946,7.53109145161262,7.090659715147126,7.239878078507534,7.345055652646401,7.289169252004335,7.1990507780339374,7.5558468009816835,7.073903565495445,7.328437161888216,7.306393791956258,7.404833860696288,-6.759720439793214,6.968086140129219,7.478017452686956,7.28377927084903,7.215156917559678,7.508509700098438,41.85188482507816
61;x;0;86.0,85.5,85.5,85.1,64.5,86.8,85.4,85.5,86.3,86.3,85.9,85.7,86.1,86.2
62;x;0;55.67588202734669,23.260050201795025,17.422552849766735,20.095081078675328,16.47048120675821,15.319927817799622,-36.34476077241712,19.96834418834697,20.46514332582279,15.70283652724124,17.810173157862664,67.52294259528423,19.56277058951679,16.912058725035493,15.37651275129943,22.4966836019467,15.624820520672346,14.437197482195554,19.184245351252052,20.224440994613538,17.965586334920303,17.412809987124724,12.299751507051452,20.14124315796238,16.718433838689545,19.08862520438347,1.0257466804087016,17.722504482522847,18.99836136568359,20.974218913974624,13.727382687531872,18.281154771878587,20.260692754801102,14.245082278404496,19.28876339679424
63;x;0;95.9,105.8,100.1,98.4,100.8,98.5,96.7,93.1,93.8,95.7,99.2,101.4,97.6,101.8,93.8,117.9,98.8,93.1,92.9,97.6,96.2,98.0,98.6,100.0,98.6,97.7
64;x;0;59.6743228908658,63.83571893660197,43.836943257245814,60.928507148213235,70.13775601142285,61.094818192849175,69.47155977610629,67.67948141409678,68.62299854309916,60.000485807816204,68.42623035064818,65.86163479856785,69.51229901203183,65.32560757499867,58.40173356565187,63.12043508535978,55.58506073044053,68.21185272044475,64.96359175271073,60.8754326166926,58.07280776181007,64.12950063190647,61.13136552124109,64.53326688950884,62.67609031250872,63.47232789344232,61.204679294825205,58.665782172199755
65;x;0;51.5,31.7,37.5,35.1,34.0,33.3,39.0,34.7,37.2,41.1,39.7,66.9,33.3,32.7,33.7,37.9,37.0,32.8,41.1,40.1,0.2,38.3,15.9,35.9,4.3,36.9,35.3,37.9,35.3,40.8,31.9
66;x;0;84.6030998186231,84.18480310451805,84.53116399942343,84.56332814609443,84.73137063638013,84.59982529332288,84.81078667327269,84.38886870681934,84.35702928400991,84.62427008186323,84.62225997773638,61.17832194667652,84.54068385368386,84.56338462048402,45.46013693700683,84.39863830287973,84.33414629976305,84.79905940046685,84.52320826960205,84.49973047468406,84.55575201773883,84.67057038628202,84.56356219183284,84.44844269473072,84.54189222554164,84.50462981417108,84.45706942430546,84.53918982052564,84.43348802287663
67;x;0;84.7,84.7,84.8,84.6,84.9,84.7,84.9,84.8,84.8,84.5,85.3,84.7,84.8,84.8,84.7,84.7,84.6
68;x;0;41.1718752913687,35.38576959683009,46.11595227159348,42.007819249480136,47.88444422386303,36.72105877429397,39.988857568268415,48.51426235014208,39.59801703285118,40.758605861776,41.65036843869301,46.88849870004364,50.36592047255279,36.86610834535206,38.45358307790868
69;x;0;9.7,25.3,-22.4,-3.1,2.3,-0.6,13.5,2.6,-1.7,5.8,3.2,6.2,5.6,3.7,7.9,11.4,3.2,12.4,12.0,3.7,-0.9
70;x;0;33.103128663241165,26.145782193020906,30.443674377916814,28.108267675002388,7.941207964853419,29.3207432223824,27.489873347042586,32.565353802236295,28.90083811325683,-26.13469332206234,18.369112762351108,29.148147536735465,25.48922474052708,25.874388131213564,27.942506021221472,28.053667192952684,29.18106076691007,26.517808494126378,26.526180894347267,29.746614584947007,25.54597779531417,27.751836602398875,27.577169873301973,54.09151020450153,32.13623504049562,26.755568235783013,27.903906156591873,27.224843700991695
71;x;0;60.0,91.0,86.8,89.7,96.5,85.2,93.3,89.8,91.2,94.5,88.7,84.3
72;x;0;3.197456611733909,-2.4552558935958846,-1.4287001515801068,-2.486419777582941,-0.7456964330559148,-3.704272197041039,-8.693648115011891,-3.1865703303192374,3.3044688091960674
73;x;0;25.2,15.6,23.5,26.8,26.3,20.5,22.8,-28.5,17.9,-8.5,26.9,16.4,25.1,25.5,20.9,20.9,22.6,19.2,22.1,22.7,19.3,19.9,20.5,25.6,23.9,25.0,17.8,19.8,18.6,25.4,45.0
74;x;0;96.17971911039223,96.57342730234453,95.85395276328339,96.18280319262833,96.52646200997985,96.31844970263855,96.51659419015824,96.61309453454,96.34157338597856,109.80264894692887,96.68555087780541,96.2229573529484
75;x;0;46.4,42.0,46.4,44.4,45.8,42.9,41.8,45.5,43.2,55.7,46.3
76;x;0;26.832243038406645,30.912224257505468,19.548324371078742,32.03149843564604,30.004147447684378,31.6668525171638,28.475075290985156,23.37311512196519,30.20031458927089,33.24960254971471,35.183747054761994,36.44177750952478,37.61303534500926,27.775756817199955,32.12575938329864,34.19568662521678,28.500074025360334,30.244549519428283,27.107995040793796,30.40849957464859,37.49294359203693,30.733897955472795,29.486931909552176,32.2937274744465,38.97507205556955,30.427650097440267,29.08074820699452,29.603213234324652,36.91434190297133,32.80064644461005,-10.91699563606879,41.30115411938847,25.943792587534244,30.731184781399726,29.228224823777985,54.0864684107745,31.008661046983487
77;x;0;31.3,30.2,32.2,26.9,28.0,27.3,30.9,27.6,28.9,28.8,26.2,29.2,31.0,32.7,27.2,28.7,26.6,31.9,27.5,30.2,27.7,29.4,25.1,31.1
78;x;0;90.54280451161658,89.83008273647951,89.54816410143927,90.11526577802769,90.34914874342579,98.88085310742903,90.35117648310126,90.70792977812316,87.69747800078945,78.5658265818023,51.22089345946064,69.00908707615255,89.76549434398811,89.41499961409127,90.29605855888343,90.30638897636767,88.84530729872905,89.95476089673993,77.4637193200957,89.12732896849286,90.414765315527,65.9353389465441,90.87183697154018,87.75066426479515,90.13228361101856,89.61184403252004,90.68071829476155,88.7898632492234,89.57332444919268,89.65020669780402,89.64108370404695,89.8428570795707,89.37334524060518,88.14875657365178,90.5076578016184,90.36946385180732
79;x;0;24.0,23.9,24.1,24.0,23.9,24.0,23.9,23.7,24.4,23.8,23.7,24.0,24.7,24.3,24.2,24.1,24.2,23.7,24.0,23.8,24.6,24.1,24.3,24.1,23.9,50.3,24.3,24.2,24.1,23.9,24.0,24.2,24.1,24.1,24.1,23.9
80;x;0;19.476095405481004,18.691013896349354,10.969470257925554,18.54300092999192,18.4206639800739,18.06377726357314,20.076812842996727,17.226269737751952,16.975496935919605,23.420375728686267,16.323673450971018,28.037137806473915,13.898178273718774,18.15691223129058,17.707231567135565,16.136819891611523,16.362814496450156,16.56581017458103,2.680818912563339,22.1155583407051,83.99936980119713,15.092192397427343,18.78404602249709,16.964254928781745,23.769071710372778,16.38824946427136,16.716097465715347,-5.160638240714729,17.06027465979207,10.292491451200142,14.120345793320737,22.122611971740817,16.63802544938788,14.350036923939363,19.000724527246764,-17.808379064611657,19.576545007323805,19.916779422442563,18.7898604033748
81;x;0;64.9,72.0,65.0,71.5,68.5,72.8,67.5,75.3,65.6,71.3
82;x;0;98.37963639683146,94.685283810158,91.31742201390443,88.28215078194397,91.5575471228755,91.21937894100954,83.37519663599909,83.69428716783865,78.66950529900048,97.88877341943169,91.3940426227246,89.37464985670493,104.58088716603615,93.0976415408538,90.53872280482194,84.72161311220444,85.30071387086521,87.68023572759019,88.44337023886682,93.16724557881581,87.99360734220855,88.55338562071569,88.33592770747724,100.9710155459136,100.64771390655973,88.10658125532996,94.14631848825589,92.55933315428982,88.51102141236595,90.63424906921979,87.28825232201685
83;x;0;4.9,5.4,6.0,7.2,6.8,5.6,8.4,7.5,35.2,7.9,7.6,30.1,7.6,7.0,6.8,5.3,5.7,-12.1,-39.6,7.5,7.3,6.7
84;x;0;58.20316419290144,54.3046010791183,49.184072664597636,63.1461678312024,55.35514743829745,55.1267826491416,56.728705228427685,56.873541343819596,110.56357706252437,54.87113466791129,65.69920132183387,61.307213114060715,55.67349681963389,58.606539209240765,57.076708542148296,63.24670842982891,58.0776634674897,61.53161094012212
85;x;0;60.6,60.5,59.0,60.2,60.6,60.2,60.2,60.2,60.9,61.2,75.3,60.5,60.5,60.4,73.0,60.4,61.0,60.3
86;x;0;88.41091893373596,87.63628436086071,82.26500676132467,91.47853688751321,85.30367181589452,86.44997788144306,84.55465682341628,85.868127615424,84.12607836250076,78.47211691658086,81.98507746126407,90.81514739059648,89.49039826242355,88.89266300040389,89.00741338863472,84.75796546738485,89.71503516426458,88.57947166859805,84.14717171082607,87.95135181200706,93.77843895871294,81.8214916458968,91.06795210524064,86.2239060366223,91.4070153534097,83.02434319827402,85.1804611369923,90.48577665873961,71.78946627632995,103.7710103549079,90.44031203399784,88.41999347642894,85.81739603860751,81.84307459173273
87;x;0;84.6,84.2,84.6,85.1,84.3,86.7,84.2,85.6,84.5,84.2,85.8,83.7,85.9,83.6,45.5,86.7,85.6,84.7,71.7,86.0,83.1,83.7,83.7,85.7,84.5,85.3,83.7,109.7,84.1,84.9,85.1,83.8,84.9
88;x;0;63.73856144197009,68.27194169734459,65.76482863786721,68.37399213641552,65.74747217322059,67.62670484362508,63.662507693917746,65.8056516271991,39.07622515665224,63.33050817046521,69.26209703102035,66.09558741961546,70.89790994596228,66.25226074737921,67.22648241392612,72.10275119744527,73.25664705746595,89.58925431845425,67.1397612400813,65.46665195302074,64.8904347454291,68.6823485852005,40.03219400666783,71.26709010962361,73.54973993524892,64.82035173025413,68.8744115056059,71.21183704031232,62.505890011065816,67.71263280858668,70.0052025908315,69.5054876903258,69.11446805674606,65.54272715038286,60.05699430828764,69.08641743821816,67.13338967872878,68.90423961833756,71.74145056055166
89;x;0;32.9,34.7,30.2,33.0,26.2,31.8,32.3,36.7,25.5,28.6,29.1,29.6,29.1,28.9,31.3,27.4,29.5,31.5,29.2
90;x;0;23.282939468241345,18.00907851512895,22.963384328938712,16.92698699614619,24.95373791013821,20.327593472724466,27.21283999855753,21.6622275981772,19.855803829335652,25.610467388018233,20.508690433498483,19.088253155301672,23.421098845573983
91;x;0;75.4,75.4,75.1,77.1,75.8,73.9,73.1,76.6,76.8,78.2,72.5,76.8,74.8,75.3,74.4,73.9,74.1,77.8
92;x;0;22.792928975801633,32.997678151473735,18.489277799006082,22.726599859138204,34.34915972666521,18.80321836547365,28.01752308556592,23.491647382723574,25.73179618837023,20.97502334326152,23.78390637350289,23.821009571213523,22.979946611946847,22.000618425153906,25.27181162876646,28.050452262994263,24.932057370505763,30.880059012257945,24.012659996110262
93;x;0;31.9,40.4,37.0,33.7,34.2,34.4,40.6
94;x;0;32.40789969195706,33.200933028255946,35.383995240060116,31.566634236505855,40.22979182456911,36.706371718442156,34.613636494840264,36.69989949481025,35.71763970110687,33.2502483409954,32.187330208811034,35.97491707828446,39.028947026883564,33.33870221373783,39.9219366022029,36.27665979494314,32.35096477922082,35.41844941174431,36.11157866136369,36.66017660539838,37.26645129972967
95;x;0;71.4,71.8,79.2,75.9,72.7,81.2
96;x;0;7.852818129297368,7.145820453060173,-1.5487717488247057,5.556013995612409,38.11176609794265,4.01811196061381,1.3167201809604947,2.4006706472843917,-3.395886326362499,3.2794916614011616,1.8190268892675707,3.3019433185310687,1.5639427482006176,5.373277650113252,4.013755297309408,1.4540281810734657,0.6963010550704491,0.7777166631544861,0.5290512152254239,-0.4018382867014445,7.179214926863848,4.313597447345307,5.3152910611847775,2.555784727017646,0.7850537568314508,3.2701701117137016,9.287519902642195,1.3598210444375125,4.517182857297898,-1.5086914439038264,2.3337864094087446
97;x;0;99.6,98.8,98.7,98.7,100.1,99.9,98.2,100.0,99.8,99.6,98.9,99.5,99.9,98.2,100.0,100.0,99.9,98.3,98.9,99.4,99.6,99.4,99.6,99.0,98.7,100.7,98.1,97.9,98.7,99.2,98.0,99.6,99.8,100.2,100.0,100.0,99.8
98;x;0;55.74702085607136,45.45487932909351,58.049684807474215,58.6428680924023,53.91343946576036,64.83892138052587,62.642459767965384
99;x;0;3.3,1.3,2.3,4.2,2.5,1.9,1.7,1.5
100;x;0;91.4156092306607,99.07263245209346,104.30609876651471,92.2360320096373,99.29099233362567,93.83691329352027,103.77132862157191,98.14324426675635,99.28416563284777,93.44952385229121,97.05271917568693,97.02479578505913,96.00150208969414,98.52422542227664,95.79481754139292,97.08003437542541,98.0244600935297,100.01582509220266,96.80419920465754,98.35448978786758
101;x;0;60.3,60.0,60.1,60.1,55.4,60.0,60.0
102;x;0;10.270114802181208,11.420210289777685,12.267613508698282,16.65163784730762,12.369319405092632,10.670568183014838,11.279195426666375,10.651491181675834,10.633221214435558,9.758893203424687,14.12540312197888,14.303795139962144,12.098595970663112,6.782244899834902,10.027503927386517,10.063770587942848,12.903411787996115,15.51660825097408,19.495211792623948,10.096928550930226,9.701107895630583,9.09041849752084,36.49187593110827,8.159529377670635,15.44056691755069,6.757040660653418,15.907490141334687,7.894778484517794,13.37936387837507,13.94686360932053,9.671437010631148,11.914412657708336
103;x;0;99.5,96.7,98.7,97.2,99.0,97.6,101.2,97.4,93.7,97.1,100.2,101.6,94.3,97.5,97.9,100.1,120.6,96.9,100.1,97.6,100.6,102.8,95.7,101.1,98.2,96.4,93.3
104;x;0;10.035442738991215,8.380423362240446,9.166627337432868,11.421062569178988,10.674000891149314,8.875952606011268,10.228778398830837,8.31744093117869,12.596043221570582,10.236623985724515,8.77814537773578,9.041791210230592,7.1980753707002965,8.815962967453956,12.000864762693293,9.428452659915422,11.926538716791091,10.232791633700755,8.592388241004572,8.169879732620082,11.299819399593751
105;x;0;27.2,26.4,27.1,27.3,25.9,25.9,25.9,22.6,14.4,24.8,24.0,25.2
106;x;0;88.03943188058528,101.08836259149412,96.12815525793329,97.88501823911636,96.0769084006875,91.35358970382927,100.55063152861486,90.97779302648748,99.65106995002874,95.3667055620316,95.28184816158786,93.71037893761692,99.46602890522757,99.2583447500063,97.42682826350874,91.60286428462658,91.71006283144438,91.1755620671135,98.55384626640321,98.45612619398071,99.25735247268967,103.8023219732953,97.21150863960547,95.65342498906833,95.92850494669014,91.05900097077442,88.82775961767808,93.1995202412282,94.67969766087309,94.30249923614673
107;x;0;79.3,80.8,78.9,74.2,82.9,80.3,84.7,75.6,80.7,74.6,82.4,94.3,81.7,76.6,79.7,77.4,81.8,88.0,82.3,38.1,78.4,74.2,69.8,77.2,90.8,74.0,78.2,35.6,122.8,73.0
108;x;0;94.06730529235888,91.46468522187415,100.31025946803457,83.0401149027102,85.4370685537194,84.26546209311844,83.98225561539542,90.02773142028812,87.3512358293535,79.611187577065,90.80780881392502,86.63741015143938,87.07500878774736,88.9275271735896,85.49491070811989,87.65951259633992,58.47451535030009,85.6942370701795,89.73136092836445,86.22869655032548,83.14402854789232,83.14763812737802,92.39270652752023,67.31483435700623
109;x;0;24.1,21.3,21.0,26.6,23.3,23.2,26.0,25.6,24.1,23.9,20.5
110;x;0;28.944325125935727,28.591731586076115,27.66321261922591,28.97201269652147,27.727138325713476,29.3466871308627,28.669523029342283,26.947613845309814,27.60416081277358,28.166905471340918,28.55922363870724,29.472491311284053,28.434393630783948,29.961600630885638,28.582885343457008,29.14167299471693,27.972717151326417,27.6887289540992,29.012897603167445,29.83140432007217,28.958273870825845
111;x;0;37.0,39.6,39.9,38.6,39.8,29.1,35.3,39.8,39.7,42.5,38.9,38.9,36.0,39.7,37.7,35.6,86.7,39.2,41.5,38.5,37.4,37.4,36.4,38.4,53.1,37.6,36.5,42.0,19.7,40.3,38.7
112;x;0;61.41239216483905,66.36902752642989,23.709359470536928,65.42205436933844,55.11429128889011,53.591579510921854,40.87652022504206,54.976083730434524,62.180151958752575,57.29392899924601,60.17003379078275,59.84685752693967,63.665823975862075,62.1324026476949,63.516997119318674,59.0572950718851,52.921498584695925,54.074746423981736,54.90737891830631,59.83746972362458,58.5351526295419,58.50894370537696,58.04170157654812,54.039190532391224,56.86233020959324
113;x;0;86.6,52.3,51.7,50.3,50.8,51.5,52.3,52.2,50.8,49.4,49.3,50.5
114;x;0;6.5870290778996825,6.937801707148787,13.55056276536467,20.07404962592648,16.48943906281202,8.535481360279567,35.51599323349276,8.32149260651935,5.105899588334941,5.311201602919029,9.221756146386763,11.740543783552804,9.550216792841155,8.815599785922574,3.3182644706396793,13.123368064601554,12.804468024238913,2.513605863961044,14.346724243797325,10.151025635747725,10.338075422550805,10.92144665914761,6.267398345269438,7.2598077929107525,8.024226845459102,4.658135201191983,5.753468745375775,3.407688974241177
115;x;0;98.0,96.9,98.3,121.8,95.5,97.7,94.3,98.3,100.0
116;x;0;101.62443655903104,73.2437129670351,97.05321463673,101.96740004309851,99.55985708214028,100.92715296700298,99.72272143418488,103.73878535880783,100.02499832483176,100.31427234311539,88.52018717619998,97.72062273022851,101.3641343834889,98.89035465724756,100.26994385312359,98.17555117273179,99.74627235716167
117;x;0;17.2,16.4,13.8,14.6,17.2,17.2,60.8,6.3,19.3,13.9,16.9,15.1,13.8,24.3,15.3,14.0,15.5,14.4,15.2,12.9,11.7,14.8,15.3,14.3,77.0,15.6,18.2,61.8
118;x;0;84.19433154636134,87.29572145667751,88.98595505885753,90.20169948269827,92.66797568343702,82.11295859710366,81.296138382982,79.95390368733281,86.95512165255379,87.65232941659059,84.82213468372046,87.61951995629144,91.88464358205344,92.87322927590611,85.15021480156554,92.10063929618255,88.715808060815,90.94003588581941,85.4816143913842,86.8746011531105,86.55814271373237,89.8802666768279,87.43427436767344,83.66470488873351
119;x;0;77.7,81.2,73.6,78.5,79.5,78.8,77.9,80.1,79.3,81.6,80.9,78.5,79.1,78.9,81.4,78.2,80.7,80.9,79.7,81.6,82.2,78.2,80.9,75.2,81.3,79.9,80.0,78.6
120;x;0;60.253347636892364,61.97185318201031,59.52429697345629,62.12491010838082,55.353012679706694,56.82731310416182,56.79436703983816,57.39602540103308,61.87498566496779,58.63869213506553,61.02547320170089,66.12342232958294,65.69498147380165,69.92470870444838,63.49396632632817,64.2468244918446,93.69302349401781,54.819213830883754,50.766001445685305,58.709455798623715,56.60566271044554,61.667033033344715,57.89881455765041,54.892135074460825,56.91336618058626,63.15420040191298,56.86785341883674,63.4521777813814,61.46777073068444,63.969832140187876,64.74410152188658,57.36423934024371,51.8439862200675,62.667845093671595,62.19182371757791,61.84855152842461
121;x;0;-17.0,4.1,2.6,0.4,13.1,1.2,3.8,10.2,14.8,6.0,11.7,0.5,8.0,12.9,7.6,-0.7
122;x;0;83.37210078313896,96.73637276609477,73.20799507338303,74.49932991087952,71.90575075551537,75.64312318827494,104.36757089700677,65.85731620623267,72.28240901735622,76.96349322256745,75.5913224941963,75.2679683046769,79.73903489829243,69.86663457791639,74.72238576404776,76.24360529764192
123;x;0;28.3,28.4,28.5,28.0,58.7,27.9,28.2,28.3,28.1
124;x;0;31.233351131976097,32.09202311766793,31.472447820704478,31.885758031049086,31.184404144423947,31.94376000264046,70.84910642540535,31.108252728883812,31.64440682874573,31.687465081551032,31.53653477922684,31.575867756409092,31.617706369089703,31.444288225483312,62.137346833530685,32.1123134512032,31.64769819192515,31.980559841774603,31.684394355355966,31.49428439264438,31.65623380015236,31.661478190140105,31.401849449175113,31.349265470973542,31.662565886266545,31.635082480476544,31.721917956130902,31.734572574799298,31.621347415784047,31.661514311573445,32.01721078577346,31.65655125349883
125;x;0;49.6,49.1,48.4,47.2,47.5,48.7,58.3,50.2,49.0,49.8,64.2,48.7,70.3,49.1,49.6,50.2,48.8,46.4,52.6,49.3,47.8,47.2,44.1,50.2,46.1,48.1,47.2,50.9,32.1,47.8,49.6,73.0,47.7,50.1,52.3,50.4,77.0,47.1,49.5,48.8
126;x;0;24.651499823079863,23.79355248079316,24.650962557882437,29.70923652746971,21.404632029601366,23.78232018701435,27.0120126881878,27.005762105633274,25.074757357736406,26.182750339600172,25.123732351848943,24.47780006831224,25.227476889403626
127;x;0;80.7,78.8,84.5,82.6,81.0,89.1,78.6,81.6,81.4,82.7,94.5,83.4
128;x;0;73.43645577909936,77.98176526721804,107.03118236400398,54.19847895715277,77.51604650053747,81.24444844386538,75.1092170725842,80.10416261458128,74.9924057243853,74.51547619198062,70.42813233519925,74.1794830179788,73.17394370967928,75.41142556614484,73.94513643854292,70.26741634217036,77.13160557195587,78.07158839575725,71.59844967120483,71.41596909450475,64.13425956073326,76.39430892376993,77.25012883103318,76.9715407455552,25.5632456062091,71.70507090865894,75.09849463265876,75.21104389840838,75.96815986736972,71.68616539018099,74.96037264762161,74.30671732232433,76.6509426137964,80.73877966822018,78.63355735819627,74.70355789269342,84.47091946103997
129;x;0;73.8,79.4,75.9,95.3,76.5,72.6,81.4,71.8,109.1,75.6,71.7,74.3,73.8,74.1,74.3,75.9,77.7,90.5,80.9,73.6,85.3,71.9,75.4,76.2,75.9,79.0,74.8,71.6,72.5,76.4
130;x;0;66.04896842446452,64.57700638282974,66.65152907945807,72.85865247607181,57.917350756204726,70.58256387910463,66.19321235650972,61.60090537723653,66.94102001762903,73.94284815088992,69.33575118488277,62.267732719649466,64.43535063098983,59.05641689557745,61.7816337509192,67.97955104811858,72.46719253269347,74.39108321452056,61.88679948498159
131;x;0;56.6,55.0,58.4,58.2,60.4,57.3,54.6,60.7,55.0,58.0,58.9,58.4
132;x;0;28.9519995098796,30.17145074958113,38.64270141449457,31.669281104015834,32.81016880537121,32.467423709292454,32.8791565787962,31.392960608248185,30.490495000194457,32.555396345903326,29.387666687028684,29.768089606680864,30.52194130792301,33.08636813602883,29.828678909293824,31.657031628262093,29.38921685829608,32.56407396646216
133;x;0;95.8,95.4,95.8,113.1,96.1,95.5,95.2
134;x;0;17.73155719938635,27.82997716545,28.279203810413673,22.06393010358898,24.18666002112079,21.315459190201064,2.852060704849773,19.802237061293063,16.135089253446605,26.01475077412031,23.51969365845849,18.652015609363715,24.554356514603967,31.368596192190513,19.360411514753086,20.048999392803186,24.007547992254352,16.991007314201514,10.499813828814853,28.943188226084672,24.085661471033728
135;x;0;67.9,72.9,73.7,72.4,67.4,71.7,67.5,69.8,70.3,72.3,73.1,65.6,73.8,67.6,75.8,70.0,71.0,73.9,71.1,73.0,66.1,73.6,70.4,68.3,76.6,67.0,68.7,64.9,69.6,70.9
136;x;0;86.71130171267501,86.95572015375954,84.6650430346031,93.74550768930708,78.9983193768816,87.38863495810682,92.32610415488993,80.58695811507638,84.40839913657854,85.7214469365696,87.13089228029064,80.37383027891538
137;x;0;79.0,64.9,69.4,76.3,80.4,85.4,77.8,74.9,71.6,93.8,81.8,76.2,72.8,86.8,77.3,79.8,75.1,84.5,73.3,77.4,77.8,78.8,74.3,78.2,80.1,76.9,78.8,70.7
138;x;0;20.451058509315764,14.513596546949177,14.462216836228281,17.779715800349116,13.961658912399466,18.354496087072935,8.527137634982099,21.30064860917325,20.155207971090448,17.896193874697413,20.294190345404218,14.395184323172924,17.53105435354616,21.096235943613316,4.468802526608522,10.827023609915775,14.278458137730109,16.49559122856124,19.87440314659555,13.171384238089344,19.766257275556946,20.307904396382,13.966244864318844,1.6941695852706662
139;x;0;41.0,47.4,44.5,8.1,53.8,40.5,68.9,40.2,43.4,44.2,45.4,48.8,45.6,45.4,54.1,38.9,42.2,40.4,32.0,44.0,65.7,42.4,53.7,41.6,43.6,5.4,39.7,42.2,47.3,37.5,55.6
140;x;0;73.723714559743,91.94512932656937,86.38122614493942,86.10946552680831,94.76311003470201,96.04501932689735,50.12375680709712,94.05057136238278,93.25762981735444,85.41128516229155,98.50912258168634,91.06041597214396,84.88256883344508
141;x;0;27.2,27.8,27.4,30.8,30.0,30.8,29.6,26.7,19.7,35.2,27.9,28.4
142;x;0;90.00228529965037,88.02640175922679,91.22274342082186,87.64950361657561,93.70168402607243,93.89552140218356
143;x;0;72.7,71.4,72.4,71.1,71.6,72.8,72.4,71.8,72.2,71.7,72.1,72.8,68.4,71.9,72.2,73.1,72.2,72.0,71.6,71.2,64.6,72.1,72.5,72.9,72.3,73.3,72.4,72.5,71.6,112.1,72.6,71.9,72.8,73.0,72.4
144;x;0;61.44450576375991,61.99919486294555,62.00319957908578,62.912191550026144,62.64698676728312,62.31596742127617,62.847844190475506,62.380627899229225,57.62676601519959,62.46854259281653,63.23921792684638,62.41670627629064,26.43978303544762,62.77908228286285,61.46602605506529,63.34684296303394,64.25905178830715,62.31210612238762,62.090310098166576,62.547703425653225,62.137493945613826,62.18275626044428,62.631689909963995,63.7208239580012,61.9572266485246,62.49205744595689,62.14044218657267,62.155089344296584,62.90706787639427
145;x;0;90.5,89.8,87.3,90.5,91.7,90.9,91.5,91.8,45.7,90.8,89.8,91.8,91.1,89.4,116.4,91.2,90.9,89.6,91.7,90.2,90.9,90.2,90.4,90.4,91.6
146;x;0;69.70881443859267,76.2547458642672,73.4600863467427,67.54353273283625,75.83514822601565,67.00554159367864,74.34532999945333,68.50841867003547,71.39887331713025,63.86148962340109,68.70618292110463,71.92282968602072,63.734326281997006,70.96489210153335,87.91080360792,71.91509839020067,75.8044783421066,67.72430895609406,66.87467637742375,69.39537586159022,77.03071447545199,73.89348832933084,85.93768662552252,44.94500117062492,65.70845454429147,69.09994932296514
147;x;0;59.2,64.4,63.9,67.1,62.2,95.1,81.0,58.4,60.9,61.0,73.6,66.1,63.0,60.9,70.7,60.0,70.4,67.5
148;x;0;27.900536103253284,22.533764315218082,25.166113544471266,26.16642038313325,25.515843279561473,25.304616916029428,25.016823255005292,25.1922112379717,24.476371940341295,27.882311944812226,26.71211623848255,26.809026889496153,25.588723206935626,44.45612898412442,24.908620440170495,24.75399634334945,27.320890181843865,23.43229337888374,25.53276483396368,25.95489303644721,24.47043953213746,23.809642743174322,27.33235651257456,25.99300683181226
149;x;0;67.7,74.1,64.9,61.6,66.0,55.2,68.4,66.2,69.7,65.0,59.9,62.2,32.7,67.2,64.8,63.8
150;x;0;96.95889224872096,71.49311251311558,71.78894612031335,70.69767500205356,71.38574488033905,70.41490242370244,69.93024401128893,70.41011397378468,69.2768658726413,43.199692547810095,70.46669162495722,70.55447784634607,70.99081623951196,71.27765600739295,72.01793414071871,71.37158329571979,69.90451589269423,70.33297388167854,70.67127651704516,70.70787713232458,72.12813750259208,70.36677103100733,69.60756195916278,70.68073656545245,69.83891293101365,71.49938485586298,70.54733962115557,71.14631612129698,54.77958910263215,72.06923188935728,70.04083856744026,70.52991850816576,70.04983196618026,70.69468411112837,70.62910653305325,70.25133216564497,70.26618308154802
151;x;0;66.8,73.6,66.4,64.5,67.2,66.7,64.7,65.5,64.3,65.7,65.8,64.1,74.3,67.0,65.7,64.6,65.7,65.3,64.7,66.7,64.3,65.7
152;x;0;14.085700785803136,13.967797377162892,-7.669574081030975,-0.9318250387713842,13.702636127521647,14.124537788872319,14.09388614326503,13.136918543685539,10.612610005478324,11.432924856163027,11.225530853450643,18.472372330536878,25.63176838977555,11.391523526296059,15.36718661374094,10.826259159608455
153;x;0;52.7,47.5,40.2,50.9,50.3,44.9,46.3,45.7,44.2,48.5,50.4,45.5,49.1,47.6,52.5,45.2,48.0,46.9,48.9,44.5,43.9,46.8,47.3,50.5,51.4,45.2,52.6,45.4,49.6,47.4,42.5,49.9,66.9,50.3,45.4
154;x;0;96.695859503458,90.27447778284868,105.0994857434242,92.64131365133917,91.67078666524812,102.89671185548885,98.26781664294634,90.49132167661098,96.58672948176526,84.87638065596228,96.84968603111723,91.65556043471145,86.92352059335802
155;x;0;87.2,87.6,87.9,86.6,87.8,87.9,89.2,89.5,88.8,86.6,68.2,88.0,89.1,86.9,84.9,60.5,62.9,88.0,87.6
156;x;0;59.11611647085156,60.28880269373241,64.3951849609674,67.47426956103307,75.17893787888457,62.054435235535664,73.31515873564906,63.720707048704014,57.89715678014979,66.65186898540719,60.35404543927439,62.571235453826155,66.45945488209686,71.33907539109678,51.769796616106895,67.07496979616432,63.61314273522037,54.08721466405924,64.6451481921248,68.62356909061421,68.70587822653154,68.78074982124413,62.98270425202325,67.45833903590182,68.74946122956544,58.333933189848246,66.44448134189909,60.21273465442278,64.452875330757,68.512609067692,63.0020679984082,59.32910801240362,59.15307643499027,59.92876968733366,64.37968123799033
157;x;0;90.4,101.3,95.7,98.9,96.2,100.3,98.4,87.0,90.9,89.1,98.9,113.4,98.5,96.1,60.7,94.0,91.9,94.8,93.0,94.7,93.7,100.2,110.8,101.4,96.6,96.6,111.3,99.7,101.6,98.0,99.3
158;x;0;70.69998393824261,61.82771647512511,67.69378605754896,71.55481651285906,62.81858963554375,64.59631141374828,67.67851307293415,68.60985238846082,69.5972556743559,64.76007076401224,65.14121232213198,63.12453978594475,65.29631296280144,62.393541884485266,67.0723069743667,65.0486698552332,60.029749163751234,64.7131962254236
159;x;0;20.2,2.5,-67.0,1.1,1.9,2.8,1.2,1.9,3.3,1.7,2.4,2.8,0.5,3.3,3.3,2.3,0.7,3.2,-11.4,1.4,2.6,1.4,2.1,2.0,1.6,2.5,2.0,2.5,0.8,2.7,1.9,-17.1,0.9,2.2,-15.9,3.4,1.2,1.9,1.4
160;x;0;69.08213849832802,61.574597708080354,70.93850130942263,68.18379490317027,61.531639663771244,65.43631157261112,72.63371144977836
161;x;0;84.4,84.4,82.4,88.1,89.3,83.5,84.9,87.6,86.8,85.8,81.9,86.1,87.9,84.7,39.1,88.5,83.4,85.7,85.7,85.8,81.4,89.3,90.9,81.8,86.3,85.4,85.2,86.7
162;x;0;15.914034758059053,13.3690836132446,5.791123156117776,15.297045626818235,10.392949306456403,17.701645148023093,19.66852800458706,16.98401417718822,19.41214867340408,20.34093220856519,5.53469486006973,9.329746431401983,11.882860507958778,9.780699438852132,18.357117861941223,12.089868227200917,17.042516964771078,12.11341676315819,14.771178223199898,4.570440660237388,34.38983566166092,13.411925491327825,15.88473439525541,23.45237401858035,10.720578981022264,23.243506392763855,41.39208705908507,7.467364519192869,11.368027118118693,13.06698517695504,5.2156100212962535,19.44713664161001,10.424941556775561,20.552091074767294,-39.66219083145093
163;x;0;91.9,87.7,90.0,93.1,92.0,90.3,91.8,91.0,34.4,81.2,92.1,87.5,91.1,130.2,80.4
164;x;0;71.5700145331505,90.818198945516,73.21550899782295,82.81398929077744,77.73041835288383,84.72718888538714,78.63476021630858,84.16037391279717,52.15555467309596,77.53761530718444,80.4248516805794,77.09041639797147
165;x;0;71.6,71.3,72.9,74.5,71.6,75.3,68.6,72.9,80.6,72.3,71.1,72.7,71.4,78.9,46.9,77.6,72.4,34.6,73.9,71.1,70.9,66.9,65.1,60.1,76.6,71.7,84.0,75.6,66.5,66.8,95.9,74.2,69.5,76.0,73.9,70.4,72.3
166;x;0;23.548820707740585,22.522150218404022,23.64247528690759,23.21286659720966,22.8730424218809,23.269798250174365,23.216978667667384,22.893207040934048,22.6130306434069,23.02581147579643,24.526929277314856,23.787825424181932,21.59086032524734,22.367150113313823,22.10214253782392,23.796580313857316,23.735201794395802,22.75168081303219,24.07435677105539,37.18374975943719,22.886546445546,24.261141164671024,-36.11139817208679,26.497216884220368,23.524155054900316
167;x;0;48.4,44.3,40.9,50.5,49.1,47.0,46.4,46.2,47.3,77.3,43.6,45.1,46.9,48.6,49.5,47.7,45.1,49.0,74.4,47.4,51.9,50.5,49.6,46.8,46.5,45.2,109.1,51.2,44.3,46.1,45.2,44.0,47.4,58.2
168;x;0;6.312056605918541,14.911457220028652,11.16682881787476,13.742176385900656,15.237991858760282,12.647241716459932,9.871265440794755,12.37579028226697,7.754459681946857,6.813014519833707,5.275681531716667,18.451759285499545,7.8055855541234616,8.50554523226878,9.131511396549074,8.790756024194764,11.980769896799135,14.282719003037545,8.19977674316351,11.716635183713207,11.275753605283239
169;x;0;45.9,34.8,40.7,42.2,42.6,49.4,40.2,45.4,41.2,52.4,42.7,39.7,44.6
170;x;0;66.27314143203361,70.34585414472991,64.45642119053483,67.46022237681981,66.65534443500793,66.94724852487954,66.86492423821215
171;x;0;75.8,74.1,73.6,75.2,79.9,78.8,40.9,75.0,71.9,76.1,75.9,78.6,73.1,37.5,77.7,75.6,81.7,74.7,94.1,75.6,71.0,67.2,75.1
172;x;0;58.784478274412855,65.45794660942695,58.29589134583671,73.12324305838334,63.745908238934575,61.496087997113904,65.43427116873518,95.90413443194302,61.29120917446847,58.463168893147795,64.22373441618673,93.08490623288317,63.90319847906105,57.85659726280054,63.179937296814565
173;x;0;66.8,51.5,34.8,59.2,60.3,56.8,47.9,50.9,54.0,49.5
174;x;0;56.25952532401322,56.108342719404206,57.05692719446258,57.81034121681308,49.91100991710013,58.00932835556363,58.4132115987211,41.31832650979776,53.96354030195384,56.87085191452986,55.53496469956602,57.394131513167416,58.16637126644499,56.71266039980758
175;x;0;69.5,61.7,61.9,60.2,63.7,56.8,56.8,68.2,64.3,61.9,63.3,59.7
176;x;0;49.466320638930064,46.68427327417942,46.28022147159732,31.532207822074724,50.65451357100174,49.209170005104696,48.945875684253075,48.09783628214074,49.114577894144375,49.125103214170814,30.99457010915048,47.72249358680908,63.83978816194444,38.038931405835434,50.293664274474224,47.742092078766184,50.67871451351057,46.87267800782833,50.23710501828745,80.06694797614453,50.74153075701587,46.07016247757501,52.96372035648825,49.470859132566446,46.401598531989436,49.929721045042086,49.77549958276239,47.13142822195534,48.58540746256694,46.862507955155614,47.53056030151527,50.12653082231165,49.7047264956675,47.775146960543175,48.705432111238565,52.872618115285405,49.32327505437284,47.67882154101276,47.194766696571264
177;x;0;88.4,84.9,85.3,82.0,85.7,89.1,86.7,83.0,82.5,86.9,83.7,84.5
178;x;0;72.3194631415841,74.44298090094641,71.64420866973882,102.6034630740424,73.38938539789001,77.7722246719552
179;x;0;3.9,4.7,4.5,4.4,4.0,4.3,4.2,4.1,4.6,4.5,4.2,4.0,3.8,4.1,4.2,4.2,4.5,4.4,4.2,4.3,4.2,4.4,4.3,4.5,4.1,4.6,4.0,4.6,4.5
180;x;0;89.6620718230109,89.77058500701557,94.54479251009369,95.91852585149698,84.26565892316535,93.3342552486722,94.94708991380766,85.73538079174077,83.64475232503047,83.12602772693282,86.50547068349016,86.80181965495777,91.70671064635773,85.22140464946028,86.07374531817781,86.2957307982578,84.33885466710024,91.13211596227603,90.67329111435961,86.42015392664975,91.48235307506225,83.53848677221637,89.85183416993901,93.12192688964075,87.58815110991097,104.05470706217884,83.0468094009878,89.59075426597582,94.11770889792142,94.13227928855349,88.39265557351314,93.99151319744927,94.39840030311676,88.13813058172225,93.00782527728731,88.36319581789817
181;x;0;44.4,38.3,45.6,40.9,39.1,36.8,41.1,44.2,76.2,39.9,39.8,41.9,38.8,39.4,21.3,43.4,43.0,44.5,34.7,39.3,42.7,40.8,37.9,45.8,76.6,40.0,43.5,40.9,36.2,45.1,41.8,42.3,40.8,39.5,37.9,37.8,44.7,42.0
182;x;0;47.63844604923258,50.651236922089744,49.86818624887372,49.2469638170201,37.06730008383534,50.586268666773165,51.0425199134831,46.10275020195565,49.19061239119516,47.77540387959499,51.7604609478003,48.29422389026759
183;x;0;6.5,10.4,9.5,6.8,7.6,12.2,7.4,8.7,7.4,8.3,9.4,8.3
184;x;0;100.37880000174071,97.47439172747345,98.73087681462455,101.20432912091226,96.53173883018374,93.739230493943,58.53541374268225
185;x;0;21.2,9.9,11.1,13.4,21.1,12.7,16.5,15.5,11.4,10.9,18.2,18.1,15.9,17.3,12.4,10.8,15.3
186;x;0;11.252336685066425,9.046983292215538,2.3777723737779155,1.4872779013446618,11.273417642091868,-11.046841052956932,4.068621279839872,10.869726460152332,8.081639664910208,6.86561618032012
187;x;0;100.9,95.6,102.6,108.8,98.6,93.9,99.7,99.9,100.1,96.9,108.8,103.8,110.1,103.8
188;x;0;52.02690541662265,52.086016931030684,52.505687779429806,52.23814124965626,51.9923435066848,52.11331661754497,52.57174571826773
189;x;0;63.3,109.4,62.1,61.8,64.2,61.4,63.1,61.6
190;x;0;49.06839820008579,42.68067609681437,43.42478750518876,45.91100807097105,46.46194378718482,47.73613136456777,50.34326028536068,47.01221233530452,48.33347173759878,45.7610338644549,46.05233763011533,45.67084227761914,44.04525279498298,46.30101627134416
191;x;0;100.5,98.8,98.3,95.2,98.8,97.7,101.4,97.1,98.6,101.5,99.8,96.1,99.1,98.4,99.4,99.7,97.2,98.8,99.4,98.1,101.3
192;x;0;61.09592066232511,62.443311503600476,60.81201502546878,61.54906947519325,61.29781127140566,61.12795983898895,61.982399479981126,61.21972665358634,61.65006332557209,61.61129924345998,61.4144229358307,61.59078913660009,59.68007679814384,62.15410533920879,61.1603715678979,62.244394123430865,60.83433764613931,62.77431118691782,61.89713092704043,62.36894374762047,61.16613980193135,61.165089819857144,60.63271135325063,62.89364355729555,61.735979704317884,61.2855640743042,61.7246589598707,61.40107648611324,60.8176376847449,62.30116168123552,59.52132905387446,61.806285088151604,63.1655245203518,59.78182302532377
193;x;0;53.2,96.9,90.1,96.4,94.4,90.0,90.2,92.8,93.4,93.2,94.1,88.3,89.0,90.2,94.1,91.4,90.0,91.3,94.6,91.4,92.2,88.9,96.5,95.2,91.7,90.2,83.9,95.5,90.3,93.1,87.6,95.4,93.1,90.3
194;x;0;32.29552647671455,26.419645367584888,29.01437559248511,27.47921575796017,32.20324177521077,23.671289557633116,31.37028197512844,30.16938492214571,29.43365667974569,30.363824687905424,34.40882147409949,32.850711349830554,28.562828008124782,32.134586568127624,28.610898455026213,33.54227860128643,33.19318254375137,29.833453872660314,36.19764069267177,28.691747882636363,31.21117330765045,31.655021583997783,31.39341748345799,32.239477838376736,36.46678421714476,28.129436277580375,30.726651379113417,29.485441237679918,32.59433287562385,29.12542200452814,33.600811787389574,33.071426358039474,29.338358558819916,33.63872977838514,31.439541873805524,29.187350526943632,36.36932472474246,28.480801956549048
195;x;0;94.4,94.3,94.1,94.8,95.2,94.5,95.2,94.5,96.2,94.8,94.9,94.5,94.1,95.0,95.3,94.0,93.6,95.1,93.9,94.1,93.9,94.8,95.1,95.3,94.3,94.8,94.6,95.2,94.9,94.1,95.6,95.0,94.6,95.1
196;x;0;64.07144925736617,64.17907842155473,63.998016560301345,64.41949122603113,64.240692281968,64.43334743463485,64.04160785774148,63.98436553717826,63.95588641507573,64.3210657808498,64.4377488101357,64.3498543297755,64.27229457470057,63.928952700936506,64.27516010215437,64.17067234483994,64.51169281320081,64.33864021061004
197;x;0;63.9,64.7,58.8,58.6,18.9,63.2,63.8,62.7,64.6,63.7,63.4,63.3,63.8,84.7,78.7,46.8,60.2,62.7,59.1,60.9,62.6,62.8,65.0,64.9,63.8,65.0,62.6,62.4
198;x;0;39.57483144277489,35.24505187783054,42.5985013068104,36.543551417332395,37.85912017556657,32.54476520874323,38.33788151704884,36.60516688373119,45.81196861292775,35.95239133851062,43.13066027647985,37.5505490863335
199;x;0;78.7,78.0,77.9,78.9,80.3,81.9,81.8,79.9,79.1,77.4,79.8,92.0,81.1,81.8,79.6,80.0,77.1,74.5,79.6,81.5,80.5,80.5,79.6,80.7,80.8,78.8,81.5,77.4,82.9,78.6,80.1,78.6,81.2,81.0,76.2,77.2
200;w;1;5.273208124850353,5.673596373690942,1.162867237949561,5.128376768686602,5.646636630273518,8.122538731569705,3.442968643843287,0.11234477273120602,3.5466526495123407,5.115281823268793,1.9092367695973806,0.15940930786917878,1.2061563620002236,2.849344242578465,6.805603657259464,8.60264818529704,0.44342656953951676,2.03349493824686,5.8213006037092505,2.2785812666509195,0.9391557717675448,3.4336464734930154,1.9758170324262405,0.4924720426882633,5.342599285685774,1.603108016703438,7.644473002303552,1.5492819038776136
201;w;1;3.8879468834503537,4.9336642021597585,0.19834188319244955,4.2240172049788365,6.559722418592794,3.583003507385353,3.003790827647339,5.924329963796648,2.257937969812101,3.0197630425693807,4.879776541917527,3.182581329433111,1.811777730639361,4.300042544898095,3.9836427936314087,0.8008174714579036,5.504338310480937,1.5241306325308832,4.60092160523874,1.8301777098576768,0.24863668667734434,0.45509866695412626,2.2614895235147854,2.3046257435304187,3.2067243001199826,0.2011995706315233
202;w;1;2.9946829488782853,1.5538520846395432,0.8187925473518906,1.5181397939298087,5.559657352696841,1.5284577471220533,3.3615090053630126,1.5727822497851607,7.268490312157025,1.572737480114489,0.816311889363534,2.1766510111260997,1.589292467015085,0.06152086121761715,2.8458411714245107,2.17672084306113,2.9959303915619446,1.4655385266163756,1.2614547470441781,3.971410565092127,3.7568844826460746
203;w;1;0.17371278775693455,5.499061531817852,0.4436811604247671,0.6368426090368997,1.4464533680297367,1.3085120605909437,0.37100521797133357,0.7615690213481925,0.26831937963075647,0.16522342072830593,0.6597588935467767,0.3746861164237518,1.6131540883274986,0.2935614607399105,1.7190467679377262,1.6065597572016548,2.9135094880208334
204;w;1;1.2018534597530315,0.817178768493839,1.995346442225168,2.3397242632730064,2.7899993192157626,3.269963375141806,1.678200041664997,2.833170706096512,0.12277950640023426,0.17638520460064291,0.3363843120835929,0.003181779031503121,0.31687151887363213,0.6585231018243335,8.751436405841662,0.5406861931577523,2.426255682385544,2.165382181628336
205;w;1;0.13247864530727135,0.031113527112620137,0.25731015630245874,0.10362827995047448,0.0930618590769393,0.1528466155489313,0.19177663618311142,0.13260381619726164,0.0009195677272935978,0.23542829088122355,0.09569863666543268,0.04686356475733471,0.04146679303173321,0.21724667887175272
206;w;1;3.630997518350039,0.27885447170382827,1.5411795261310872,3.050107708715286,0.41502597282842957,4.306614912293855,2.021875446084125,0.3817595802147569,0.6789690494346173,0.9350424979028064,9.319080238227258,0.2639748965866173,2.5967228363365136,4.519925929723724,8.726077965977186,3.2441763215827146,2.1047181496674114,7.418028611052616,14.511964007977468,1.7167591287926183,0.8271064358709191,35.659708636074875,2.0036546273252323,4.327966544711939,2.8180494715366162,6.828239481838769,0.9687609595886185,0.26395367793520863,0.8910546368234664
207;w;1;2.05493337403046,1.2001797578129556,3.5580411686551856,0.22496827214582962,2.1212686034290726,2.8964164188551336,1.529362680276744,2.116716907081915,8.42877043723998,0.1074893270837764
208;w;1;0.06277376755903166,0.30282823356473315,0.8578525432545084,0.3433718854485926,0.34018374431084447,0.17977241749381576,0.2964380965885583,0.519664825208182,0.4228018177390112,0.10273524977005939,0.2559180582610548,0.24691457268309197,0.6320127101645014,0.45717296529796014,0.1817246129489181,0.15605605907917894,0.30594114244265774,0.14289563666423283,0.43160512056607364,0.14291336680955602,0.052407799843378185,0.11087695486019153,0.44972654608339246,0.5037436791954071,0.15395416664338651,0.08797044262591089,0.0516674853254323,0.7372983707128004,0.2078693567195555,0.3107064429037101
209;w;1;1.4983449470954786,0.07631602713640043,0.18270788350825914,0.33023732433964964,2.6089594539182053,1.596460007437263,2.3868516643555173,1.5784890850989681,0.6905659423613452,0.4841348866392735
210;w;1;0.4244943170051522,2.9929204192225143,3.044123532848093,3.3007988461035036,0.9785493406467866,0.4078990771502758,2.1738710089959046,3.936389946446338,3.500718752626303,2.899545460329426,3.052942342366366,0.3081525225949768,1.5057311801637658,5.882112362566972,2.801639272425911,0.8962884294962326,2.0841613938683268
211;w;1;1.9594372197189935,4.153872567551468,0.08277643919382176,1.0775255675220023,1.5137102737053216,0.15850113258383935,3.3954659553512587,10.05820907188512,2.6197894594397133,2.003508497780968,16.40480891851884,2.239512229018105,0.2647645251692937,6.3637834900091015,0.8206841845562033
212;w;1;2.857174466449674,0.1750815577978133,6.21591070459435,6.335431702141705,2.126307601466707,5.913924852032663,3.4311153207750564,1.5151424029023117,0.9486809561666859,1.3139028185883648,7.666840481990575,2.8120315109959284,2.953336468173499,5.150122972677292
213;w;1;2.6884130920776776,2.190315406242158,0.8781367112814992,0.0717656122277058,3.7511477952895866,1.015431765746463,1.4053273848540506,0.47389984088181203,5.277677862419622,2.7044540267635,0.5027688976930591,2.9142533963329713,0.7106905645231056,1.400294524523249,0.023429650570042985,0.9048644631172276,1.5176165915001736,0.3048213476978365,12.42647659711838,0.7837627596556778,3.3082784248821624,1.2701050320020475,0.36747720331693523,1.0739086298226377
214;w;1;6.098618716473537,2.3203613437494677,0.8248302876340108,3.6411223740582064,4.4301280278760515,0.2891629587138772,4.863220511520488,4.241095538056429,1.955817391414913,1.4975205537472347,0.6545880012716622,2.898224126150424
215;w;1;6.822205271857326,10.310871577756709,2.8696084149972028,2.742529672752882,12.409887729750572,4.746915355654534,2.39986846490534,2.4954009254477594,9.14775291159792,8.091696101200858,6.392023552009461,8.55212912122575,5.824290227449109,2.3650115131752303,7.315979591606738,6.9285960614242885,4.719741773327866,1.8138563095961844,26.700254922700804,0.5260236928911411,2.571262074050811,18.05101004821328,2.7557469886223913
216;w;1;0.3002381779443813,1.6399944966370148,2.1286119626395257,1.879993937262805,6.426743188746109,0.7293759121703035,8.427469237577618,7.795812009505786,5.60460876026293,6.325287389871968,2.42320736271295,0.2265310403253588,1.4003432653442334,4.980417869608664,1.7882832500723562,8.862308986284386,2.218343274209845,2.5574486554780287,1.4244198918827944,0.5444042273220172,5.827487007499698,0.6573335562928714,2.510218503059286,2.083455734653112,7.0022543407125095,5.398440806419063,2.368006756911245,3.69352698269413,1.80570285564213,1.239128616125744
217;w;1;0.8530453665392949,22.886917220441614,0.012536857715832852,1.211173651562508,4.731705243147293,3.347643475929025,2.2748239049394003,0.8933479101685555,1.3923190760286326,2.3621054378086628,3.4210168994477055,1.124681254870296,0.4446308838593477,6.716318345010406,2.8680536936659626,2.014221929610574,2.166292666878235,3.9033903669877734,0.9012927030835971,1.858653006254373,1.6353926903089995,2.0468636509794136,2.06612755432778,3.0983167843772703,0.6189223265635467
218;w;1;0.11043271940113518,2.4327803265673777,0.31983373477745736,0.7532527127780316,1.5668583901398605,0.5076576472658544,0.3638652900609881,3.0073291002840596,2.270238659064034,0.34495807045788357,4.120395694817436,1.4037284715328846
219;w;1;0.06282193398114129,0.44994553680092414,0.6062900635969156,0.22511431290040118,5.705090585345185,1.745516844129683,0.8442768174726107,0.14362132112381726,0.5803573893972933,6.699686288341762,0.9303779692968493,2.876795888555239
220;w;2;3.528088994751282,6.599769399970613,7.533865856222528,4.583113149785468,3.9645247449249075,0.5745245492733971,3.755262904837667,7.732904723464485
221;w;2;0.5020664768500883,0.5163830773551079,0.5728425995415825,0.04574049735859116,0.4780012293359429,0.25802126535284675,0.32698018933777223,0.25829790577663336,0.41997603410673046,0.8616645425423463,0.3756030385393475,0.29019264678535156,0.3953998959277501,0.7734316192379848,0.47738230616140753,0.45728157597670466,0.35187267096087577,0.443236680243189,0.3403617615040286,0.4648324986940436,0.3832333884079761,0.17745831160038616,0.1404848793777097,0.1947414273217719,0.37991274937071035,0.6200986591311426
222;w;2;3.032357848794907,0.8515478261774759,0.5427835995648405,2.01485837230749,4.149328132605461,25.247136621835867,3.518410917341266,2.8311347293055036,1.2441699352449975,2.5598643976143745,3.0377161421018837,1.9545796004320126,3.8907908367632613,3.8789168153201015,1.1533503635643196,2.7431791746187004,1.5415958861336458,2.2502667079297347,9.867513320579581,3.0977856351662822,11.869574153763098,2.717547233984571,23.539873031044152,7.062075074263071,1.3327708409656727,1.6999559168955802,5.482626269572624
223;w;2;1.2893975180898887,2.071069981368055,1.413435322186009,1.3077191238339407,1.0284603024533587,1.5738254067912458,1.809629284970743,2.248229119961637,3.0690139974475095,2.4448275414237113
224;w;2;0.9328773981714127,3.4597822087632246,3.617970580412018,3.3923746902449587,1.7403601607615482,7.672220355268309,6.423810837344336,3.344134281455202,8.062070365880384,15.404649217257054,3.636347028043957,2.6829875784267383,2.6681841461391813,0.6264310259707798,0.47447761510082087,5.5633125226638755,9.581452210392852,6.506265327038038,1.0312620782194326,12.145224535171788,2.319194823803322,1.917441915202148,6.016689559260001,5.168186293421103
225;w;2;0.9395505050074602,4.5458533834613775,7.0897426982624,1.3852035676245653,4.665984159668951,4.155549787716131,4.579835672358467,0.5219814202041165,5.188275424155457,2.5292870069598155,1.898947419776996,8.935581492779304,1.138730514334744,6.350389661782672,0.4651433799434978,2.7568119763586956,9.331490578027699,3.744747235554988,1.8552164543041658,4.324650211197458,3.9110029386620933,4.189612326812228,0.8665378464003501,3.2688587653867893,0.7606285658568915,8.49423079747088,6.916193244096842,4.142071912142244,3.2971157527437307
226;w;2;0.2553249143240738,0.4543562102007082,0.31450352195057907,0.25794369173223586,0.2952258976586266,0.15945887415454166,0.16509619744086235,0.46780111884256453,0.18755898737403912,0.2283837879039738,0.22449263303707065,0.11757971855224246,0.2646843618646289,0.04454219884863863,0.09380268159166612,0.47066677583463673,0.34742354323204877,0.2827678095922149,0.2998406636073252,0.24775018780070562,0.17900515302231157,0.14237397190877568,0.18039833069555838
227;w;2;1.144621354301673,7.491163154851543,3.6517932219494327,3.446164783215874,4.074889335725286,10.770470054040226,3.553519568679557,1.7481484607007645,1.97598464421032,7.328490236792499,5.682851406939465,4.663367058254723,4.093048032906052,4.523094662639661,6.907148240891305,5.8121164592658525,8.249018063030048,6.0833937058181045,8.345209531087843,2.1841593031626156,4.341738894572229,6.884988500613087,2.9430518960056458,5.692723190946866,3.1697628844618753,8.975992636283047,0.31284428792408003,7.368345058540125,0.7854772921286862
228;w;2;1.327577211691537,2.5719814199253164,0.7284268111887513,0.7895828160517482,1.4650084968807386,0.6139188400631186,2.1056454621312386,1.588281004604747,1.1987549575422611,0.8711416932077994
229;w;2;17.068559403730372,1.6003477861980855,2.530087872530668,2.011960093379287,1.4964017441500317,5.887448852368258,0.65171908523017,2.4282749985259415,1.7383853102171218,2.9278323482827586,1.3045518957073223,2.355328913405641,0.5560917223642542,0.7332880905911424,1.6468041978092067,2.4368037253425046,2.2537944808789097,1.2677953726617126,2.933375302856774,0.5298239124388703,0.6890842907398201,3.949423076852981,6.7341129425665684,2.0650556849105546,2.7161505571031266,2.8572745005728613,3.7666427750617375,0.6553715221082591,3.5477380956658204
230;w;2;2.986361625487926,3.217588269323109,1.061924296187264,1.0089534910960354,2.906216773871021,2.096263182997854,7.968628783505968,1.3204805642755233,0.7424421936749486,1.9941083914108504,1.1332104139230221,1.7616651680931166,1.4698743870782842,0.6265400541294597,0.835676038859776,3.1371209558264623,2.9329768613443314,0.2712399231696069
231;w;2;1.2217562172119916,3.2299711947734995,1.9061353052308445,1.967283097184812,2.9118307856859884,2.808858467677738,1.6477377804669853,2.9963350261967854,1.1113531426962453,1.3213138285894734,4.071821459747495,0.667520907943982,6.4869984332729205,4.376392998339036,4.033465974650937,1.799730064673174,0.4525835223945165,1.289720472091571,1.3318710112356995,1.8041864810885486,6.152022504185906,5.476657167609631,0.6228112460413807
232;w;2;0.21810705802084665,0.9853933719057478,0.4579190065600479,0.37233809745653434,0.22598261223752839,0.7385285941377056,0.8163331363003374,0.5847721535017415,0.12841320838535206,0.6450922900063192,0.8879118643841167,0.28318071748511064,0.14794033765711792,0.39272829996850345,3.5304869185001917,0.28073833205706256,0.5017461187345024,4.114645397985425
233;w;2;5.650335181513646,2.293416966827016,1.99293402991831,2.5080526111071273,6.1250577095005685,2.6455231328378135,3.2265389944497556,26.034218608537394,4.368741457453444,1.5526429368045258,6.967855625409465,2.7883134037981834,3.183488729088281,6.116360441110248,2.9901662552372934,5.516307683790217,7.793584316413391,4.064631771976466
234;w;2;1.442982552044509,1.039562153741096,0.6693614494045896,1.0094870238651956,0.7024995941289595,1.0246514212229696,0.7147053724120477,1.7518336547035136,0.9478955881956369,0.7379577667145982,0.2667851066384364,1.8203412379790618,0.22149983053436573,0.6489502913275632,1.126475773196909,2.4067048746494204,0.888162718609987,0.8096840436886072,6.466252771182983,2.2358575583554474,0.8153753830580585,0.6663550829315582,0.6553413885595731,1.3974827481452756,0.9373525851833239,0.34332288307217596,0.2877043152352647
235;w;2;4.528115979365868,30.488929246126947,0.40504567189490503,4.291167746017209,3.7997599274059928,3.651342804103679,2.9653676805614735,4.226821017019883,0.9417853962183849,2.6529383309685484,1.885315083294079
236;w;2;7.414723245971035,10.48246025637631,1.8252139970309749,6.351943639471022,3.648718865713165,4.0072042321261,0.7137969799278169,7.045085697372912,2.8337241565757774,2.429162717594999,4.953443258559986,10.62298585790315,5.215558349863251,26.348132158307312,1.4973917518340494,2.5429778327725887,5.952666973455957,4.39716139144274,5.082248030813139,0.21228561494023587,3.955694331036426,1.900670899935417,1.0806358106859022,2.9079409348256475,4.777990519673563,9.448740734289242,5.414810988043117,4.009347128338034,2.4142860169581826,5.054971639557077
237;w;2;0.41288099309531046,0.6183227497348479,1.1495811684402075,0.503653601101753,0.14110855185160892,0.690499194568071,0.7192377496800206,0.9012535638885435,0.9837226579237727,1.0827867072436772
238;w;2;0.8986880464408834,0.20832337695610761,0.2416176714018178,0.3103191230988689,0.2072313519767862,0.7566098124616129,0.1877015224506312,0.2919928389445683,0.4553931669370043,0.6509706952552422,0.20559187911756363,0.5753920417464811,0.3742053422853289,0.057678450218450646,0.1827532397703903,0.5491713000293524,0.8435629526131826,0.35503537187763873,0.33134870751440326,0.22134799153321588,0.35601942373869605,0.6723417424768529,0.2661503468301868
239;w;2;3.587288983708241,1.7860898335071096,4.933064473651892,4.1712316611335245,5.537375647409162,3.518018879222397,5.985490522882114,6.80526843188737,3.1507247575987525,6.955172808717602,1.260060013881508,1.2869826817278496,1.0168349661886593,1.693502553518766,1.8357920948854665,2.663667237449709,0.7403551368776318,3.4700855680679736,2.7747108386321027,8.878094749686104,1.7916180699864237
240;w;3;8.666792882652699,11.525237347397457,3.305638944026312,4.392614469960363,6.622223947206485,1.9669949819185237,6.0328648172933805,3.4200891452916347,3.6061300982533875
241;w;3;2.3805204473225,34.317636591746,6.051084145801464,0.55793567579059,2.6660984541186625,14.197753327371826,6.849256018602019,5.440298678190436,6.332076223787393,5.1891262100745195,1.744119769205487,1.6276588436149382,3.6912077193286583,3.580577603646823,1.5666861644873644,2.431373453061579,1.665528725608947,4.229297343116195,1.338091000051818,10.902199321741515,3.5521145443345503,2.2306584792434037,8.25386085429877,1.429627372358496
242;w;3;0.1987242547925825,0.1671421159254967,0.33269284599615634,0.2628227554256667,1.5460531687619172,0.2340205055853917,0.07332074311235272,0.19789249840349482,0.09783133970961441,0.9420977449499635,0.14378094489354531,0.16895491104302063,0.0850126463818687,0.06250506416513127,0.14973342742602014,0.06904136424568469
243;w;3;1.928271998179014,1.9888373258175345,3.2380018185430037,2.0782767471205963,3.4949240043005205,3.4525453606145327,2.714033478491146,2.182520190333628,2.3329883904457036,1.1953101023413033,3.4082898332800307,2.0508993496420116,0.7099736376184966,5.615980799829766,6.730595873462507,5.753723823979957,3.5246827936130822,2.7963697808030785,3.089432595392573,5.300204351079916
244;w;3;3.2229766354668974,2.7031111331121425,12.27699615087189,4.563112225878503,4.084292075417562,4.967195190164185,2.5906757895191115,16.97061906376793,9.094239037440623,4.56979300574947,1.8083359001455785,1.1848196854578554,2.796054353555506,3.863773184160861,5.942927728529757,2.4325610848292056,3.8076616473076923,7.34820226982385,4.9062513724504475,2.12816740385617,4.038699228415163,4.532972144731755
245;w;3;2.7331545967872763,4.174181844791782,4.181163761157261,3.609754500465117,17.34274999437223,2.204281817007377,2.156411113438813,3.43269068025412,4.578253748359409,1.5877621790113732,3.234792772482806,4.558317323478055,1.9799175660566708,5.564811180434915,2.1452769726681855,1.9351681263113212,2.1181199790341947,3.2439256059967945,1.6870179629793591,2.841494524580322,1.3170920912887265
246;w;3;1.589204233950606,2.627836131022993,10.391373406333846,1.7513788001177772,1.405074118120607,10.10934411865029,6.310807584194407,4.481003314243353,4.574098728414038,2.288821997225408,5.144955894487358,2.8797954189474133,4.969578638771128,1.5471209930589696,3.0608471068320258,8.528334304387398,3.421400349120054,4.374965151270642,9.260645909284051,4.384459115441052,2.342087863085815,2.6692710986870223,13.819274016104284,5.582457045321249,1.9289753672702783
247;w;3;1.8804564209862957,2.089915981257468,1.6310101648217603,1.8158374116869906,2.1452701018766978,1.4609382748578335,1.3917004289731927,2.060327156076956,1.4607305367529437
248;w;3;1.834864279170357,1.5926514890634955,1.866931295622073,2.3813317405611527,12.228438422980226,2.7442825784513216,2.5652629635494284,0.5790091580743798,1.7560311520863483,1.838018236551866,1.434865576969843,1.1814953737595684,1.2049728805577695,2.047539571160279,2.408060907133591,1.500847558805371,1.3754387397562309,3.404052299835023,0.8512348749594736,1.425052078121888,3.040691097716224,1.2779803561664123,13.55613761894137,9.17109768516292
249;w;3;0.6280253676330446,0.5194437625355404,0.7344461557517706,0.6254277498026137,0.5399277181875589,2.9636981702281093,2.2716255029489196,0.5020152917377583,0.5504794849007376,0.8501426409286583,0.5430645084988479,0.6700420482788866,0.23037887138845134,0.6287303160674019,0.6263132336135402,0.7400565695429053,0.31236845958620496,1.1772057710702906,0.6335947732479138,0.5082118592629092
250;w;3;1.0721431964257968,2.893748690399316,0.9394189915232127,1.0259679844956822,0.335561629822398,1.1824395076351193,1.0791880219893109,1.3621970418632032,0.6663579671233091,0.5328940313304971,0.6060680625400486,0.4185431040486001,1.0315154882307873,0.9940832576015518,0.7858936160748106,0.3656927662328344,0.507967583428522,2.735446533885584
251;w;3;2.336781603391243,3.692658911166063,0.9116654975293833,3.164233761070733,3.3073781386867247,0.6359541574713236,3.834297153241789,2.8792504023363583,1.8399437460578925,1.5273051399858746,2.7688378146140367,2.2903418706985716,2.7495669345419054,3.0523678653617443,1.8793969497059098,3.4900157886553775,2.905210352802936,0.6543536740702577,3.795015657323956,2.9779332408091683,3.3790326706602185,3.8011749344874257,3.3567795837488994,3.37108194567917,1.8208935949616065,2.8140213134901635,3.1802666373261577
252;w;3;3.7742681299197725,1.2874101778876634,2.5027942420267433,2.6961270528345933,2.5965440097075376,0.6147839219308233,3.1169221178040964,2.0698523567930938,2.3344249196352003,4.230343745949391
253;w;3;0.7928388822905734,0.31137490459480455,0.21135160602875958,0.6355876783931382,0.24876103344412176,0.23776177473980561,0.5992919244072809,0.4303234683404534,0.5677730367351959,0.5264340633996838,0.4649975799136508,0.4959972634455908,0.8584311092820422,0.6130255157198311,0.2819890554162601,0.23382336697929326,1.1202035554523084,2.5398720223529754,0.3480398306016071,0.3244717353195937,0.8198775558128282,1.1069921259956552,0.24395280713249295
254;w;3;1.108342875291522,2.503514500377146,3.089139619431798,0.6700123206784677,6.395719503721436,1.1836002287845895,0.8844531240902387,2.331156725653743,1.5404494474856616,1.75136539918802,1.5220442094020012,0.8020949303449701,2.774728219268061,1.5478752538332385,0.6684360931279798,1.6915811594037031,1.8169130270984508,2.190238862121993
255;w;3;0.14770945853526138,0.09602815424729796,0.09078750650205077,0.05037487059370421,0.06808063608982344,0.028543717896829888,0.08423576928732229,0.3818254719551082,0.07208021845272482,0.08068291044331734,0.10221528777771327,0.04927075570107249,0.07603553555704708,0.07361110776534316,0.057461941831672844,0.18691586294931348,0.12197989019988847,0.06403132257102104,0.06799253630831076,0.10781043533226736,0.051270833846177054,0.3110972237558013,0.08438954013410396,0.055193559770634344,0.06460743798453598,0.13198933378883884,0.0780458233654486
256;w;3;4.7257730140281105,1.6195626468886435,1.526389503199518,1.9668970473476037,1.4883762542531698,2.4337375110286605,0.2998169106923579,3.5262470714478864,0.8810087551581759,2.7222997452988413,3.885223137664738
257;w;3;5.527461601069481,6.1146353061035335,2.8691913310275727,4.35265467101526,2.1999894830486557,3.5023791968908693,7.503328133888202,7.440757543917486,3.482483123633714,4.4286889757054615,2.238801000662105,4.218628945556757,6.538663855664101,5.079904974897899,0.49260303895031343,3.144917647187616,4.026912998847368
258;w;3;2.139765473072488,1.822771292640652,15.362341470785415,3.3414162631820195,1.1769488413442577,1.8374631180236527,1.0672742719598076,1.9519466019858573,2.409130169455869,0.789135571883611,0.8908956099284966,3.1003322630477173,2.5203627138395923
259;w;3;1.3900672662521802,1.8606519187027493,2.983757674287058,1.3920120526038355,3.613398735573321,3.0579756837830794,0.8555890645374121,5.484442343677555,3.8815234820550577,2.0582071648042906,0.7259121777681258,2.767202395387576,1.9417207734569661,1.5861541967291086,3.918241625945157,5.341975485602474,1.373929315573807,10.318078279275236,1.0342413534102821,1.3965180967041462,2.7542103285407076,4.352683136007201,1.3822261370284918,2.9672048106042124,3.3366899820943354,1.7064720434486207,3.941974775768264,1.7284835650049906
260;w;4;3.358482532959663,2.6497616135698685,2.685806325292083,3.6739998949756383,8.015236209970091,46.57765837126989,2.3070109149074836,7.1770174346911935,2.9075918418398228,4.315440799838996,1.6231216749502342,6.6511423733858726,4.468589034495896,4.132808130813291
261;w;4;3.6233593246841282,2.532218554634576,4.425327292908155,3.8489825489421707,3.510852180443769,2.942473420980469,2.4721459954251883,4.12493877651587,3.404748504436999,1.6144297610605218,1.773134565155032,2.3928290760264193,4.151561357422928,5.322814418441078,4.564619672204586,1.967576803218435,1.5577552680887352,3.9759518891712364,2.804247305568202,3.176222991325821,2.5753438824623562,4.036120680470276,1.6904059821294593,1.790139422462019
262;w;4;1.1550704789179216,0.6769322108476561,3.1070060120830316,0.7575807213530934,1.5858013629495018,1.607360091181046,8.170854799910494,1.8693860303163141,0.9191899373541372,1.3799331440463583,0.7136007203999348,0.6661795599366311,1.2507318985653635,1.2274902848644567,4.6882537360811884,1.6911255341725813,1.3549967595914392,0.9323634542400422,1.2171288784378562,1.162891801473835,1.2180370289829339,1.6583756328598278,1.6298740707238932,1.0940121145138066,1.1927146051000344,2.054078973184829,2.214229622044789,0.9812087725082563,1.472065235476623,1.944270053465875
263;w;4;1.6321639267993575,1.252874853249534,1.2301248243747234,0.8129210214618515,1.8849538166665045,1.0275430142722772,1.8522921707699735,1.5628702607656542,2.944928215585798,1.717401850944163,0.6077298965179544,2.595948033864781,1.7264190948068099,2.525142494686722,1.4880438455177212,5.909999847425327,1.8131053139474071,1.7549643530991477,1.4802567666211264,1.652983764820657,1.4820013398910568,2.4986367029678322,1.5970472998515788,1.3938543275870354,3.02275985115003
264;w;4;2.9578900023501777,3.1068763281228136,2.5491691874324207,2.020182707195005,1.1004253737467444,1.8317621188684083,1.4404054861170286,1.2168780014114398,2.079321799416363,1.726935285153548,1.3031034456699917,1.479735460945141,2.251488160553501,2.306132875926378,2.5795760733741266,1.9607693306751395,3.5326091606233336,1.2501146712415319,2.833146704317181,1.3448315998460318,0.8215508508957321,2.442864375048502,2.4758218671711676,1.5292244597366478,1.7672817136269843,0.8024750448458594,1.86936068588827,0.6856598664905792,3.459255517581996
265;w;4;2.5497913708841367,2.2366082700526535,3.937180035933207,1.63586004102513,2.8572934229381675,3.549733609701293,3.7900069341585385,2.212343808255298
266;w;4;3.133686794819081,6.988154769620714,2.0936355526314125,3.8283974455735166,6.320266629808368,6.278691707474239,26.946872662009955,5.229045276957019
267;w;4;4.038280643149151,3.6332626583765806,4.708573514621898,3.8964139765631125,4.357263740479168,2.6838498821592602,2.85635407339511,5.032723491423236,5.2044947697944055,3.6243141031002906,1.773500709021838,7.055666731519137,4.15136970798056,2.1197082566970487,5.411862119922626,6.071571946502615,5.019150539680301,5.021768703284722
268;w;4;3.0087978956895336,2.8065124229845364,5.21135402932701,1.7712716566502367,2.6057334728382298,18.35210706571888,5.612614341061456,1.0534051584485262,4.114765811308551,5.052510256236626,2.9424986864399685,6.410189286038248,3.735434291364161,4.777955298611249,3.0187202066751846,3.215081714895681,4.683815157106136,5.546944692657583,4.806113301086134,2.701555315370531,5.858690194211311
269;w;4;1.7150184115055152,1.9344017285487691,1.6243206666157575,8.305861629077512,2.5297824447288306,2.305407255390566,2.69341004643551,6.192509680453096,2.7311134694974473,2.059407616734887,2.2134468633859004,13.741095543813895,1.7328894497615348,2.4926122644855533,2.19309343650013,1.291561446942677,3.7545982573820407,1.1343857971421925
270;w;4;1.059428503216983,1.2582090566115651,1.904849122220543,1.161153601249879,1.0888671744705223,1.2130533908907872,0.9829325725833061,10.409074054766823,15.759192932259861,1.7488085770263306,1.0188512941607675,0.8247422864036391,1.9655920499345065,0.3151853521510523,1.5637762629585261,1.4519445685056478,1.9227458697613282,2.33424678657956,1.1873077117524948,2.494071232544727,0.9718779180298054,1.2491702474579682,2.098571372577571,1.3574531890361117,3.2121421557650494,1.3130477922113972
271;w;4;0.6765723887281335,0.4234923629225974,1.0385108974639021,1.0882394149259749,0.988749824722534,1.0135903540456845,0.5161471092123657,0.7259176946414945,0.6446657443768821,0.8924173115723125,4.540607542820748,0.8819787547091809,0.960978425106951,1.2382981905448216,0.8683698389634255,1.0150821637805416,0.7530231949104209
272;w;4;0.9857942512913795,0.5201799017235499,0.7885034080818885,0.6756593268407048,0.5885443301222908,1.220176865225681,0.5840459664156566,0.9951435050364116,6.873460207216062,1.5211943919219952,0.8713550666788298,0.5259329702689799,1.109312551572886,0.6345932180557257,0.5098560141726867,3.700348862393208
273;w;4;2.3377915895387913,2.087058100653083,1.8254586944144862,8.10420063206135,1.817003891112391,1.9256947915865827,2.3575856961293087,3.302960965282655,1.2975910911682353
274;w;4;1.7998050577380222,3.0472961338288114,2.519133273294084,2.445637179487379,2.352976099174759,2.0302848409158085,1.6214947117972303,3.052738894369048
275;w;4;0.139978940461293,0.2411811572171458,0.2644053952236771,0.19900798238740566,0.09669779198135614,0.3046746006481614,0.2775366088305305,0.10822343094211104,0.23519077596555282,0.1400520112238593,0.14497087211476692,0.17617096522272177,0.21737112890458413,0.20528519720426325,0.37239806702155265,0.26627282818099846,0.24796259123713357,0.1874542395210611,0.2200784907951451,0.11084255636671535,0.1551877001089132
276;w;4;3.3756135696189444,3.612732040357441,2.733547494923383,2.1382954362078093,2.9548798190511594,3.8007115419251423,1.68626700864467,5.909553329311141,4.413602975610491,4.675117236184032,11.20393502299201,3.3412732086565984,2.9200143863919252,4.496913448682055,3.1835285283793446,4.01377986301028,26.54779525994968,22.759406211362975,3.782152899780304,2.7527032743425686,3.88584769358446,4.342919106359409,5.533504727324417,2.976802757079781,4.216655295148492
277;w;4;1.9814335619214036,2.429113408265542,1.4812160205163747,0.9381598756434109,1.0689984921721223,2.541402085843521,0.6893867699574728,0.19604376928871875,1.6404870786409849,1.1894229349498753,3.6435523833950656,1.0560761287037768,1.7987576360453656,1.1850399858172143,1.7784390269692545,4.8180500011583,0.9101990652187315,1.5284994191763912,1.447321208699703,0.8630674655162189,1.9434777444587856,0.7361491115254415,1.0149348531278237,0.5726339710762016
278;w;4;0.1453647845934949,0.12884198862955046,0.12257839238766263,0.04175565745568697,0.11591606650194734,0.07886158541367269,0.4179273190907139,0.11656817913148268,0.07977180538112587,0.17714448357687873,0.06912887041944883,0.10795079841962771,0.06119059569420405,0.0966921061994198,0.4383392347429998,0.018180725749987577,0.11377963380651171,0.13023285238889576,0.1372348534612098,0.07297510692345363,0.06608446703578104,0.14612296949825454,0.08086013982192906,0.6158173005880163
279;w;4;1.165990719961374,1.892868015663096,1.1113905189389999,1.8359641894501415,1.8030860036156044,9.006443774841399,7.835422478380307,2.418423640219742,2.009308579837388,1.5911007039261358,1.5968153466801887,0.8295751511369582,1.0198288760590901,2.319793046105585,1.7798396546805137,1.487963725171873,1.0099313861555579,1.659717612249058
280;w;5;5.869767975823534,3.6930273504231974,8.307396908702604,5.60240475102009,3.4349958752262064,3.1673397695751535,13.001241313533594,5.464667641436632,6.4815444931669095,2.177877570374379,5.332738968084236,5.509718994707991,5.716912008604926,5.142890443190284,4.132013500362333,5.921151253363186,6.454167006423611,3.167452653527308,5.395385798456176
281;w;5;0.9513643223387215,0.8627405073516417,0.9022980728244233,1.4215068291647046,0.815078784362393,0.3524829184214615,1.0192045647831374,4.987740702789317,0.934389535116235,1.9606061489113493,0.6693877782977569,1.2039961620446322,0.9138334647259453,0.8666347021044118,0.49673547994063516,0.8467443888624733,0.8580856455115181,1.2179957466432687,0.7878144829397139,0.984308146488251,1.2263229411829644
282;w;5;4.529711156086964,2.180783151372854,4.05268437350235,2.5735062459201212,4.90106005606855,4.049697168569897,3.155556343951845,5.089412579991347,3.0137665504320275,2.3411243263643917,6.582890830803195,5.52671817221279,3.9588806018941085,38.5074153181356,4.964593198270532,5.337339992446206,5.889379900603938,14.708845817151168,11.633657038308751,2.6560358371214376,4.566789169633047,1.359976482131264,2.4550803821153955,3.0324627325960947,4.058599965947308,4.61197095720998,2.5601779376502605
283;w;5;0.6335352031986883,0.40289605174070453,0.38125591061054354,1.1015947630265854,0.5978104348320294,0.5243395992140979,0.37607136417550935,0.5764700580906116,0.9714926958915358,1.12414957297938,0.9052988321364764
284;w;5;4.880475259835613,3.475178439056908,1.844709171286785,2.7541551716236814,1.1303665639333351,1.2476492799757308,15.331547618344906,1.3271526334925257,3.201774691258445,1.6778626876981986
285;w;5;2.329083565766936,12.795032887604435,1.977481762771193,3.5316686285605954,3.7443354377751894,2.6044586608706295,3.9919712980718267,3.546350084225436
286;w;5;5.766810398605177,2.3630476123909916,1.4890056067264017,4.083746954964099,2.930205444078088,4.100824582751045,5.058007830306507,5.278897871440138,3.5978044114072887,3.409126960717205,4.079573992186959,2.6428868224030286,3.426927574800751,3.656423139695763,3.465863239681348,5.640871595859885
287;w;5;3.5245669725900184,2.4652383083958553,4.339427134538327,2.1974175920930548,3.1245406838843826,4.201591131424502,2.545831924200994,11.415878848128855,3.4858711564648632,3.661301576390563,2.3456936837402003,0.9867154667986141,2.4627953875029536,2.6406176287095646,1.3118643504621714,2.2967019479039728,2.769789344800338,8.15512412881448,3.1764333637868583
288;w;5;3.017625272276427,3.8529380386288428,2.621242650567574,13.789853837871533,3.5130823524815744,1.8962335958874872,17.113856899272548,3.4907702163192025,4.220387506687174,1.9752029032238838,2.2098983375984758,2.8962311186450873,3.53277072593151,1.1651855479891189,4.750003217862502,3.367493217637185,6.3371952184970874,3.6346091035513077,5.1782315982771765,3.2318644572395687,16.53996901338674,1.8308614036704711,2.2231242978147576,3.6763987666438913,3.4042856391304515,2.902449273746906
289;w;5;8.426944078184016,4.803562862263061,2.9910286445623697,4.727267980269479,4.843088955323529,4.370588907916666,3.1990741088172796,3.1830352610474497,4.217715580788636,1.893376538811465,4.3894350372125714,4.117699304376047,4.554155777972106,2.996271948047775,8.231174043614262,3.0736302008087817,5.076320817188956,4.882804960690913,6.237848385298383,4.892046608952085,4.81851380621663,3.623280955571321,4.337931713249748,3.1322029077379665,2.4484694657134494,14.785667811048246,3.863843991579858,2.228737221589781,2.0666752635091807,2.5407410980798697
290;w;5;1.5231878878006389,14.790597015205414,2.6404331069342617,3.5226483650238287,3.6350651767855875,2.5094815523615344,2.352969462323258,3.8036449359334434,7.42068994115636,3.0274166378290177,3.1573179243628533,0.49132130181762107,3.5351408770198836,2.488229997837836,2.91134092918436,6.7867287556759,1.6702742122709768,1.962287392885988,2.3673093055197665,3.326824455203794,2.2130174271253886,4.237727425282108
291;w;5;4.867193583580796,5.7048754782773035,2.3244704818501956,12.109159766163504,3.5344252964978007,16.158959355729042,3.9621846624236583,4.951083918507998,4.762483419276373,4.303499705493692,2.8419068826140874,4.432085628607702
292;w;5;5.558359864851344,6.50807119451461,5.516031099026447,5.8251327720012736,8.658680795265402,3.3363035126777105,2.3948283290045214,3.076756183111765,7.306604607883747,6.354955630135335,6.422629676569145,4.4042258851273965,6.353812230612804,7.33798902278335,4.125281835458825,7.072654679753173,33.43497613078719,6.535212436590546,6.0200490464957,5.019474836508513,4.767263812955483,4.755851565436253,4.575849687056963
293;w;5;4.777077980907185,3.104394698515233,2.3551943845590313,5.189614227495629,10.890945124173529,4.512777976967704,3.08183648097413,4.5483165325248915,3.6242227824131055,3.222070353672265,3.2043019927187166,4.963815821243664,3.476383677662466,5.256665489033482,5.413972552654387,4.718401850564373,3.5840431923853275,3.8616961818308817,5.278358304211564,3.6402128638989995
294;w;5;5.931760155096675,3.949573430479896,2.1360661114011426,4.760215798475298,5.075113217618139,3.492686185864981,7.672870753690786,6.6433152938769116,5.160941984185253,2.9257284066258147,5.0914541967644436,5.991705024800424,4.357245301144125,4.8188289499670125,3.1816107122020196,6.466525246326284,4.392829367237497
295;w;5;0.3571468503245109,1.1829909614892498,0.2113147421663228,0.5435131662210378,0.6237227973334335,0.3383201544456079,1.849544484623026,0.2511779429287126,0.54165454082663,0.5324052797691821,0.6979625287503639,0.6923373450033705
296;w;5;3.8197203721191135,3.7615189280361196,2.809337320885911,2.788330872033254,6.402401757319717,2.6988685794197624,4.471086316565823,2.4786371641728224,3.66813686940997,5.707270679672062,18.0757585741606,7.306854563132843,3.7476190925034865,5.916853620869697,3.7452942978915686,5.313350438102552,1.7407733489861459,19.75651007982122,4.387062873992888,3.591855420471341,4.9468171516584505,3.650019297704422,2.382342738584168,5.601502321277551,7.419703934870141,3.4883587647973546,2.553955409078465,4.311433751251805,3.4603238167334305,3.7847976553071603
297;w;5;5.506131812562755,4.350909113455046,3.66779884056571,3.7655226026737756,2.7676864245673833,4.837813003129362,3.932748023063069,3.6197682181378372,8.185618459243564,22.90276220642392,2.98534262445157,3.657852163923629,3.8297478686438025,24.185718194525666,2.579627302262561,3.0259086187214526,5.8444404259248754,6.23324331278291,4.222349466453021,3.7003261216752015,7.858863719949194
298;w;5;5.5062275709302355,5.0089325082983525,6.423937117037448,5.0768486063369265,4.381673133621461,5.336878335299363,44.91653390875271,4.255408902735394,6.257090043498306,4.553505801213181,5.1317694359783586,4.002681048390715,5.905750665151786,5.658483238089247,18.499185099596836
299;w;5;4.233665416186343,3.1975289629657992,2.370206280287388,6.5000442081810474,2.5266281066008696,2.5116589404195238,3.355755400218064,1.6209125345656945,3.5545962162145748,5.758431441605856,4.310789820192075,3.4137660205646867,4.295409704697216,5.649109487128234,1.455627525800706,22.08671641427378,13.566021095522219,4.356564879710129,4.321937655531724,2.743211272531189
300;w;6;4.780010004034582,2.5398603721637323,3.0762632979986146,5.159428807011926,4.946502849039598,3.945235041402669,3.681080481485525,3.191228755585937,10.437590643870731
301;w;6;2.832067944997668,2.380435915715832,3.9772740220975766,2.446711143416766,4.112805810700504,3.600562507727168,4.4677209585739845,2.900369940040388,3.0346931242696926,1.7241340748931044
302;w;6;3.5986138409134925,3.16914196493373,3.697082590283874,3.0426414219824225,2.3286704076812175,3.2061700681198926,1.9798202304577086,2.4377664911259576,3.1044120429437223
303;w;6;5.610622210458969,4.172724177450912,3.5039332132593,5.882015896938414,4.335658619903454,2.4550828809767293,2.181314388597392,4.296844432402196,5.892043814893717,5.884682229946147,3.4604355361578265,4.6036917244058415,6.553001754209624,4.66033037244775,5.691592011480411,4.565000287183102,3.9810558728985064,4.666748237442826,4.634061946431448,6.393290775778501,5.8924102277455175,32.42647307362578,3.643513391693293,10.810242019472952,5.120065746700348,5.098336426829904,21.540820101483437,3.3780866467130664
304;w;6;0.44048894521645926,0.421127559450806,0.7550075059279583,1.2734297001811739,0.7413888254226679,0.4628048798721504,0.8320820618163887,0.800746433167642,0.7866729526927125,0.903417867233501,0.6676032671733286,0.8789516779027595
305;w;6;2.1899531632551095,0.9986294838343319,1.1568083277334387,1.6663224148629172,1.8875930730914567,1.1413158104537278,1.6763906597359794,1.1628063176483054,1.050428661058728,1.0338094321908773,1.4546473079724525,3.5615289393008958
306;w;6;1.653153364601967,3.187238601282451,2.6559647542219924,2.1539915690105156,3.2120883543838077,2.3118778219402825,2.1615890384621337,3.011311068758095,1.3394899479813136,1.667525868386789,2.553673876812836,2.2745336484406695,2.063254026236332,1.5930013402617498
307;w;6;3.412742404106728,0.37268124951827986,0.24734499807378846,0.5279436595666481,0.732463686344057,0.4947121937531652,0.5473542669808414,0.9346665819168591,0.5257635735285355,0.8274798270638268,0.7195906303469705,0.3011146871251867,1.0166879103626827,0.7695556611661183,0.3085603202027223,0.7503905219259962,0.3047793484483156,0.6825740643970121,1.8578685825845809,0.9575514140245012,0.7924346781664584,0.7622369232180612,0.7575940943959214,0.5974020331653733,0.7767912732177568,0.7959186732658409,0.6241571631427443,0.7567820365077804,1.0194937780709128
308;w;6;2.9874378023749304,5.487552080713302,3.0998161062486007,3.010026913667986,3.1340805307136814,4.103951532806334,1.7064293206223475,3.6438171943262834,3.302938818814214,4.004793751831867,4.881192504015775,2.2024295606269058,3.4269509186549945,3.0882130660496134,3.6108854903290784,3.0341258967143414,5.576377977932383,2.663192307175425,5.060611211073994,3.3893775842175846,3.471259305191482,3.9051836033999834,3.300085014766631,5.516409575780107,3.971896066185559,3.8668885333371548
309;w;6;2.438313048638496,2.221534111640501,2.9132129456594957,1.7162450183465374,7.458904866828168,1.9124802992060799,2.6207800381425055,1.2539798654879106,2.9335040620182182,1.5311614744690913,0.9700417196455344,1.7336802256956838,1.8812975238042944,2.1503249429451174,1.2114009992570873,2.100391476599282,1.8129213558746775,1.246487867891779,2.0421724629520517
310;w;6;0.31921402565985896,0.14524698552266782,0.5314451997078727,0.3989327423185454,0.37641015956624385,0.3318550199049666,0.20126180755979856,0.4044002625366968,0.17223403040697813,0.27334665503997096,0.16625631594783433,0.5289134438700084
311;w;6;4.437920349302806,3.8087036018904397,3.753082108191318,2.3549519895250017,2.0586666655724324,4.217129263646652,3.467378780669663,2.3334533233307693,3.0737200193756102,8.221663763812582,4.689581744730713,3.691604603179246,3.2778430917503028,23.948499506044257,2.0798298732140044,2.08010454693615,3.3432881787756803,2.5208023862444806
312;w;6;2.3586484044151135,2.5531070765280623,2.8379106194756747,4.117041046849482,3.015062346259365,3.984622132574262,3.7491300323878356,2.565994819663261,3.7767683335518063,3.107503768782935,1.4031674824982774,3.7533463413611576,1.4110923926580605
313;w;6;3.2029904477806093,3.784701735838577,2.560984205523812,2.424771891620299,3.0521590861377645,3.8713306280880193,3.563317511630418,2.587312051389934,2.67449066271727,2.7960560196327746,2.542152536739423,3.1041452737164636,4.092423271705858,3.1772031865670636,3.0344940171612573,8.625767180490309,2.1710869940517217,5.738311562963078
314;w;6;1.545323931251942,0.9127223919340958,1.0924859843101797,1.645177817685146,2.3469206104141143,1.5686004149397914,1.3668864491126351,0.9016927232964562,2.329283150037036
315;w;6;7.70429366888603,3.8902984274979833,4.059318984576889,5.488685167161592,15.836182600191785,3.774237417268883,2.6074474895577824,4.199554817897622,4.710839797201897,8.110458793741731,5.539062479876922,4.269359874201745,4.499316394682253,4.12269158658788,3.4513232880645237,2.7688527432433556,28.95644454334757,5.60125964017896,7.775879575241601,4.305332704236488,2.642424216797862,5.387833804398152,5.889668635300674
316;w;6;4.394941458647375,20.6478673049073,5.034602103641059,5.5845724647597,3.8476525314289782,4.368026124392083,3.994533348631107,3.2802034013035026,2.5825300412536123,20.6953217162471,6.629969364215042,5.865918067249879,5.610395389503969,4.154623400745536
317;w;6;0.23964150395563097,0.3414842078624704,0.33521786425855576,0.29879123379312955,0.31690406608335014,0.3248933905478491,0.37373940830873603,0.26555627927056763,0.2660836782771366,0.25220187589561616,0.26014968571004243,0.2710007654267551,0.2008528331847389,0.36158422221693787,0.2960234557850421,0.27870071373541533,0.19483303283774386,0.27607756780885057,0.3390378214466639,0.47352263431882613,0.2571151713459862,0.23720077544777268
318;w;6;3.9666855386359727,3.231367790572231,2.369779728611765,2.641240056311642,4.234448702308221,3.4451435641998094,2.337108461214336,3.536188375116423,4.756314603156967,3.942464270414902,3.5805702218254476,2.9400644629815487
319;w;6;1.4891869609547446,3.006127758740802,3.5024486036670406,1.995314222068726,1.9564611547340802,3.792697787409369,3.058232742114,3.505965458824072,6.258334832210426,4.464895562223116,2.425333700110127,2.5381066143108915
320;w;7;1.0775783181392669,1.236547548554569,1.2315930759829012,1.5421545761699107,1.302113431862087,1.5752023951625531,0.7868029832250221,1.2950555737947258,0.9435263934420041,6.924257772889994,2.0416115854917547,0.8332915881330726,0.9153133076075307,1.3183911111730677,1.5474536724932093,1.3545591818379832,1.414424939236641,0.7329074119887262,1.66622762610171,0.8864108581013916,1.0969900128689571,1.2300647810143093
321;w;7;18.243264489673106,3.0136097690655856,2.658880518783591,2.510933416630053,2.3651056039811755,3.800390687326056,4.338526667236593,3.253688361477172,4.1470462222307685,2.2668826047299864,4.023691757319941,4.059376195144012,3.0724589399130697,3.1525688839668757,2.8376905182541066,3.193621240629342,2.965295847840933,2.787797771108184,3.2957870378599776,3.3075314413424777,2.7346607176605886
322;w;7;0.9218540083066669,2.534432778694128,1.3746684764710366,1.19258247343773,0.9335187900779148,2.2225367080412877,2.685632587984387,1.8901957739283037,1.3922990531348642
323;w;7;1.64560416065104,1.704733487094318,1.2890329527526723,1.5105714177864078,1.7812566301900512,2.7775597381632045,2.150079050107865,1.698184435848144,1.307684288714536,1.4442241052565727,1.5217781086725288,1.2318259696807556,1.387426499748501,1.6971463885088809,1.6446302211950323
324;w;7;3.1281239635090587,3.4703958060483004,2.2898658123519278,3.4620078229252993,4.71394492626858,4.673623249778906,2.707443978083932,4.158125578554718,3.749618256730127,3.7088346255118516,5.654354721586125,4.364360045772346,4.2573366021421535,5.4807917806269355,5.8355348460385015,2.5751208888701047,3.2088832653473105,2.0769174893142894,5.8392600764593565,4.305384449893503,3.4407516368953113
325;w;7;3.459748791196069,3.408547361186003,3.835363193460903,3.1996170821260117,3.0084512525053535,12.163324988771059,1.8235572584295334,2.4829280258979405,12.350603663745446,3.470468976993647,3.7601065725145597,3.7047045578528675,2.0499220934282456,1.4558529001275837,2.2678552338777354,3.6016328951623966,2.828514800484143,3.7715712668669967,2.368861427489248,3.37012416229826,4.201374154834053,2.755458229088255,2.6314840462422278
326;w;7;0.895600553209242,1.48407796117525,2.200659348822574,4.000518958707371,1.2237815625570745,0.7915439457367646,1.9117386751018552,1.479523788963075,1.2534387901777404,1.0309832550147073,1.0880720502338697,1.5098137515980259,0.8261734895763789,6.039009737781148,1.1446890056744676,1.3709272776196912,0.962849858828703,0.5493339484893378,1.111780776826507,1.103956933568479,0.9556857162129305,1.621807623959178,1.3000808986960515,1.1640341433592347,0.8628508112595596,1.2918790979487047,1.7321585815869538,0.37955977698748067,0.7762547442825071
327;w;7;4.01470710698629,2.7823446375054663,1.9798500925707958,4.161754702190421,2.6617455469797924,2.6696976834127755,5.104788268060009,3.8281934894500362,1.7466141009834009,1.6908713939318758,2.618463262244042,3.351048962175721,2.718004050315664,3.769581304438689,1.198158570850682,3.720868463275494,1.827792580895077,2.7063491651649976,2.25872874799011,1.9652037216557285,3.5202090605936225,3.2752676727183387,4.186332032236626,3.1815212284125467,2.942579375387399,3.0227618024479326,3.2718914114404245,2.9026072876378546,2.308781221671855,2.2390727238627752
328;w;7;1.7514152536079148,2.032330371915801,1.1431877820243175,2.5545336694164003,1.3593601698489766,2.5585419089241435,1.6025843837104257,2.8091834731555343,1.911583785841649,1.570935712589598,2.4119741865743096
329;w;7;1.6976159383911689,0.5609572224979668,0.46175205334938607,3.013605930000313,0.8279367717816164,0.5205413202071413,0.4852565977422035,2.2883741663878934,0.6550816922472695,0.6148537581462218,0.5099755916755815,0.7653041629160932,0.5374680222839002,0.605479461534602,0.5465178605739985,0.5939439090866792,0.3946338595593503,0.4071798345431997,1.0567489285012852,0.39929271890497636,0.6462121289727454,0.46955785477770773,0.3984211849901642,0.605058849988556,0.5639505009965239,0.3528277899028972,0.6522810322977057,0.4123564205143482,0.5291829697799814,0.6727976525692053
330;w;7;0.9053860206381096,0.9737307044542539,5.528998360640628,1.027458617333944,0.9742800728539865,1.0548052571500908,0.6415406588375907,1.145876274021772,0.8178369670531431,0.9030210192551202,1.3013167291391545
331;w;7;2.991705391418285,4.531532808382138,2.886827596442367,2.233923577022106,1.3793518650483538,3.210879299085902,1.7136487262308995,3.2967843866520434,2.799965021607267,2.7348600961137666,2.8083361512826817,3.030542882766807,1.7360792598308143,2.7055000607480597,2.5052773784554008,2.6303084386311353,2.823947468451551,3.764554795248431,1.3905395767174569,1.3236838196654177,9.595043909981513,3.729601409072039,3.2789681543701326,1.4740709783713797,3.943084470864356
332;w;7;2.516738317288423,2.725617970427914,3.012685458727793,2.2052981638267415,2.161666584668025,3.729447606737709,23.218531879476522,3.5901378321021675,3.509530033872039
333;w;7;2.352314474353068,3.307808698099002,1.4951811415668237,3.5493734032720776,3.4771748629227917,4.092827915150528,7.753991057958662,2.5203917950335013,3.4716969497747945,4.208779770009241,4.972815013622549,2.560203548268784,2.1474989341395596,2.313498966339899,4.0902429359511245,3.7607846392521314,13.007249783400963,2.8118758626227516,2.415728182520451,2.591000168754009,2.6234813615330475,3.662548266658901
334;w;7;2.1895073430166043,1.66436875059086,2.337847600427127,2.336406477949003,1.5099686701117583,6.0088511258941955,2.32051983696076,1.2506115661953006,1.9663271435020084,1.4250034633925925,1.8718648052121967,1.1781157252271413,0.64550361993928,1.9796044529765873,1.4339791397933666
335;w;7;3.1479645468473447,16.624473337681312,5.071960894283928,4.907341825003134,5.189454371006397,15.539986586700271,5.385750800670602,5.001466510199157,2.741052707634082,6.113121792635099,7.57104226374399,5.376221765323964,4.714775878059328,3.346467876785016,4.942345481712119,4.151960733830484,6.390719773826193,3.5659765586645236,3.926464571025844,5.914757686024301,6.646445707849881,5.247556620711032,3.9908174787017243,5.651479040356667,3.3688920419107484
336;w;7;3.376709844269014,3.1332364696175357,3.1316139500494917,3.8176196788413614,1.4443998265560378,2.505258189698589,10.650139984325792,2.946777860353032,1.443678312455776,2.6632274649121035,3.9878601360177632,2.9039147314047695,2.9785064528233507,2.9971121839402755,1.8698602724140676,2.91422036573951,21.846416653409108,2.9363437185014423,5.162970798814606,5.005303204488472,2.3167079533480313,3.651839459626096,2.6778087579217744,3.484037077830429,3.709753967043552
337;w;7;2.9347067033478744,22.755961190073922,5.135179697162931,5.283577743149618,6.18200491458102,6.611185621971218,5.4593233116747575,6.570315876507594,4.487935868537434,6.6279817187239445,5.748227650627797,6.410777617872783,4.190890761494147,3.4220119745811566,4.3168633746917235,4.3208767422659475,3.4756942985530155,4.986173767323944,4.559507206127058
338;w;7;1.8154248715380643,1.3851723326572174,1.7540041894405936,1.4635807145363693,1.7001354339828632,1.8196377930167578,1.0250417225938686,1.6479920118935865,1.5440142952533404,1.1022527942302567,1.6926370670217339,1.8151545442846408,1.6925061810030244,1.4991698508990923,1.1851282059559416,1.2714201213658634,1.5458570624138506,1.2756818224941253,1.2680184393188239,1.4889262561155703,1.762688961363135
339;w;7;2.2365249861484053,2.8107806029716826,2.7375274898499953,2.8028212794871274,3.716064487986425,2.14575885786504,3.6093722845151808,3.0090249726186626,2.8086911045975533,3.0017630326031974,4.776355225871126,3.0326443299229027,1.4678474105081243,2.1275976500404687,15.662552971166274,2.608901358185387,4.581382248367001,15.844234779846577,1.9365569159438074,2.2888310265560188,3.7357955683845026
340;w;8;4.05579144021035,4.053897358686925,2.993637277570861,3.0557880721234327,3.6061579257687457,4.850486770446196,2.2198257149831675,4.437365610239596,2.604420878085788,2.259817582417868,1.729785390585139,5.574844480592215,3.6961907928579225,2.905276198344538,4.560605318113786,3.4638502447267814
341;w;8;1.177558270191936,2.194470033377462,1.988823377737235,2.303975879329954,2.191472738502967,1.6356371707876902,1.1310483261027213,1.9742226626301989,2.151723171415981,13.758522030591019,3.0444539406619735,1.4970505539125265,1.44626980258326,7.971265954725177,1.2538006487173163,2.2399232985795705,2.5429137111276896,2.5254843913024883,1.7165000196660816,1.705515078229147,1.9324131308282997,1.7326309106637414,7.981024251954024,2.7020714787765985,1.4761211279256035,1.5939809020509352
342;w;8;0.36924094440515925,0.47532118817943625,0.3150847961346585,0.4677600642583992,0.5177682429157862,0.36407589237698,0.9239037604714869,0.43645763281997185,0.4900950620694078,0.5409960578691714,0.3778801334687438,0.8992360473415302,0.4809083633386538,0.38354162635461064,0.29697521017446243,0.3144566836929646,0.3808750764048305,0.5014849366949246,0.359682593825493,0.45970897703555447,0.2589785354489466
343;w;8;0.2625849336251943,0.15938231251513185,0.21562583183879963,0.15534433593153052,0.16984829337697954,0.19357732415738235,0.19251723279701619,0.1406867450102094,0.19662775254028758,0.21221064930704198,0.13881570397373705,0.8719189503896765,0.12476055901138607,0.20340526782760296,0.1499617015690808
344;w;8;3.2395007341710085,3.267371242029458,3.045858013057563,5.748511566767057,3.7353683569269776,2.847325466877716,4.529626852272026,4.089605198215727,3.972452580191702,3.635427817142972,3.300637389667134,4.793665045339312,3.5298636670084065,4.514148129979751,2.71467886435085,2.880351817314773,7.244496057427508,2.220032504378558,3.392610501941539,3.138309296807761,14.291502259501241,8.754808324918507,1.7021087326771647
345;w;8;3.5773780051309165,2.344892161104102,2.6500465901413026,2.414327709823678,2.84196659877608,2.698478411480058,2.998926949595153,2.5745758464697595,12.22314120810151,2.0784727778467444,2.519221200812972,3.638995669338143,2.2189187889867124,3.1638164097296553,2.744266716971608,2.472764426343275,2.573116181843461,1.8515498271543491,2.2624479580610526,1.5394348238320412,3.367731435409532,2.4087326865542114,2.8083889667898885,2.721405604243277,3.03157846492707,2.8007589750743476,3.4342345423300182,3.048645055834137,1.4484483709191165,2.9518880239480674
346;w;8;6.054603993734055,3.4715534688319645,3.669908070861884,3.5261029898501417,4.999817298926237,3.81448721401738,3.823401397695701,5.422986015742727,5.149082674520533,4.7173048662495365,5.085083390525526,2.7879886340411666,4.152201764374424,5.134320139988125,4.601674388185376,4.006869285605168
347;w;8;1.0638275595292632,1.5764837500071982,0.8368921002541752,0.7206439740609929,1.0728559256102639,2.2373565401805524,1.0683694391343408,1.092141038666286,2.135071648534163,0.8608106546658109,1.45624625475692,3.5419759725375335,1.5566560286218323,1.6786943247202417,0.9517331461352517,1.4612861785452897,1.941937186645041,1.1815880691725587,1.1150205173271184,1.566992874974,1.9069067977401677
348;w;8;2.2537863979203534,3.295484262377147,3.798859829943151,3.343846865796096,3.196021033192318,1.4823186977026934,2.177459317039276,2.5627589878401733,4.116215046297266,2.5739843714367514,3.2882251483441953,3.2447228401180896
349;w;8;0.7745208743924501,0.5365509937610946,0.4898283947022427,0.7798591744766867,0.8782330884380147,1.1003693675854196,1.026627266059511,0.9472954766092799,1.3285269612123567,1.012666419571905,1.0820978960110101,1.0099784361758202,1.0253301732742595,1.0565731391843025,0.5927175805396715,0.9591614744977569,1.3289659296621106,0.8632049484646466,2.5083974737865473,0.9142472960103321,0.9587367836134345,1.0712782369916685,0.7928354105001078,0.8866775252459931
350;w;8;14.820876399302412,4.39080270441691,4.428054612328169,3.0845146905828966,5.280448248291393,33.39829224051649,6.623800681615808,4.507827218465732,3.9937244174658937,2.6002227067238532,5.462068458195527,4.616811344814996,3.209324355538105
351;w;8;3.1623875660812826,2.967763287812872,5.2337891319148975,3.306135517250318,2.8922361860807473,4.0689972519805355,5.675102833205725,4.303504537402638,5.767056273954901,3.6763294034873493,3.4589526430054027,3.0792782101207177,23.632375263678366,3.4366441911096897,2.9848219318113074,9.181255986443496,2.668480451999633,3.5591546327942676,3.240692124802341,5.527135626997702,4.179260613166447,2.7152344428379886
352;w;8;1.9302740043704327,4.637371457764192,1.31125043181436,9.531726549896229,1.554068166088705,8.914882185761861,1.4356616691734558,2.3858874707909825,2.075456500794853,2.2045856168129316,1.8278535307315178,2.0923446284665523,1.4171547884110052,2.232123308353212,1.5460182543101006,2.199136225841103,3.7229659575072946,1.2133881451278523,0.7891669828708655,1.7169344085865526,1.9308210284817322,2.048675533691033,2.534881259273851,8.152170069999931,1.3270563800252637,1.8675081931339832,2.3558762263978092,1.4884713027255703,2.206771563230044,1.6535696443898396
353;w;8;5.291992793924586,5.0875873558197595,4.402864505256337,16.47875837843716,3.0619646081185725,4.598872010939906,3.5923661515710648,6.023235858832338,4.416741333350532,3.8172914877623954,5.360639178919549,6.317608267426,3.115285778560286,4.244510708548293
354;w;8;0.46719608336598756,0.7041022583715147,0.7331872810456103,0.6639730948110065,0.42937009612266414,0.5780531363452325,0.5331403767344156,0.6620949669106055,0.5486708650264527,0.6025194657145675,0.46248162659225517,0.5101633543347731,0.5156494031442244,0.37470151654469014,0.3959924506506651,0.3601846267621689,0.45115623566849083,0.5172880466634047,0.4256171557292825,0.36252886250478117,0.6530720368781452,0.7023741513307118,0.28695680730471834,0.5174896214469177
355;w;8;9.32803328732989,3.817661469832746,2.7000549739981405,6.321378532381802,4.648667773568336,5.899848173238321,3.7553098742580766,4.066610916084738,5.36547764802171,7.895870473656816
356;w;8;3.724876016338898,2.8994568260093607,3.1244002812242737,1.6795107951736814,1.7469427922556413,3.685868882454351,3.1793119785480224,4.054631278213245,4.0535521982274645,2.226643433971664,4.261608898902342,3.895983785728437,3.675899761406594,3.711415851748164,2.6398787857713097,2.459044109188548,2.761355821535939,6.459899117974201,3.132185383422516,3.004087743676781,3.855134246755582,2.3662784387369404,5.02892886419371,3.5943975741249696,2.7330219603898915,2.8938216705391637,3.647506116965715,3.191733074797197
357;w;8;1.5698264196144922,2.6451478273639446,1.7267776743208096,1.8740249795772443,1.2172409754150575,3.2807742822474566,1.869388582389988,3.1350779953556356,2.568658070496973,3.067676100824064,2.7493159912481913,3.051863015097781,2.020674074095726,2.568713117405996,2.52007457751154
358;w;8;2.2699913087693617,3.040795109784181,3.2808655526960826,3.3142775694679933,3.131883490260532,2.3676462568700303,3.1328849931471563,3.3961833432702813,3.218403638352307,3.321540311591396,2.4270760789499404,2.8239958714624054,2.802318453082651,2.4650046057227684,2.5891244953379444,1.8652989143241643,1.9831453746887435,0.9500268439510456,3.401871443723137,3.243340071520015,6.926981742095823,2.6220598554099266,2.8405937925868585
359;w;8;1.2632062936760842,2.567047679677945,9.20505062412845,1.4474806769141504,2.198649530379519,2.1281287023311526,1.3599586248565805,1.3324925240456165,1.3565495653275907,1.2439137710137362,1.6371098884470843,0.9154026185228711,8.443711914718254,2.42428096299931,2.319051891317916,1.9991738744774237,2.1877033609790164,1.4549751630333163,1.8389229952428114
360;w;9;1.9393086054666127,1.903053599957046,3.0183463154653674,2.951426627778675,2.868792105466703,3.2040479770459327,2.819902968973741,3.330356892649805,3.5420934202370415,2.436097334514719,2.9535422046341266,2.333064063410953,3.22786424563464,2.3342165156351484,1.7601808776115992,2.751818963429501,6.219897023911931,2.5532413674008723,1.7881560225527142,4.226128371466562,2.2749892329994523,1.9351423241064778,3.9003523759732266,3.240122884714102,2.089534890677298,4.364339990209106
361;w;9;2.674804687637081,2.4552622938365674,1.9751734784637498,3.66430200905534,4.148529478031023,6.834858415371977,17.44618840240757,3.2437134190742527,4.208944967199415,3.9757664088356175,2.9007173890289684,4.6185147463904554
362;w;9;2.772306811043924,2.463439992436496,2.461378714103851,2.6780759535034466,2.0008185974956176,2.6569792872833786,2.746404883721382,1.7315154833522353,1.4442504813294177,1.5954741711351133,3.0294386983546624,2.261369759005031
363;w;9;3.6997759604463227,2.706295374668482,3.847155152703506,3.8677742511617113,4.787010493948487,4.032123384055698,3.8956989458069256,4.4892439764480665,3.6984408282623646,3.2208516546287274,5.809149441002736,3.5701283743483065,3.9843190575456733,4.12069578996125,3.634438563650508,4.874344141059653,4.697263184519899,5.2961427297727255
364;w;9;3.796100859258181,3.932707884017705,4.5943263346184064,3.6354820359233067,3.837225309817251,2.458576390364378,3.1745538892287875,3.3206643778100102,3.219467424071486,3.9988931163996804
365;w;9;0.6153564429949493,0.6399165589091134,0.3417028665903123,0.49359914090524043,2.2850797405635137,3.130009662332867,0.34734721298270704,0.6897475137309732,0.9118066523106935,0.518553780729601,0.2923507686801439,0.3686540675703647,0.5508933889893398,0.5094714726976562,0.48913077759258816,0.40288205286396395,0.7074940387049318,0.5229595660884908,1.3082836803052793,0.4116428584626975,0.5846334609367885,0.504868626879784,0.3515056989517967,0.5783085941243761,0.3256917983668376,0.5939982401261752,0.562594261727634,0.5237333555420848
366;w;9;0.39836363747111814,0.6247979942261761,1.5099748649741545,0.44216637006748294,0.48840803708583413,0.500982838352234,0.5442988982508181,0.33459066731740994,0.41120165707329986,0.4701756641885459,0.40847269931261765,0.4913314938017546,0.3972369522582888,0.6322639196718762
367;w;9;2.318219115697276,1.6445728510504163,1.5257785487485955,1.819722147915034,1.5493292128379874,1.5905240636199307,2.220258401799727,2.035757664967424,1.9561064736176548,1.858588181528442,2.063971292669207
368;w;9;0.30921996564474624,0.3878145697471937,0.33765471616692033,0.4279637463096766,0.5298249820091717,0.42946281293985566,0.5625163299241484,0.3671463146196114,0.48163851999248847,0.5020237114659983,0.3688455552744128,0.3419393137638392,0.48921774336477536,0.6152512775533727,0.6007445678023984,0.5768998024371866,0.6100176392770474
369;w;9;2.635954111159508,2.0391201770558163,4.094395451216391,2.5380349236018804,3.005335155040098,2.598419191417374,2.1008900381947533,3.3977963550300174,2.0012999532897395,1.4518445335327614,1.690298901054889,2.963211530823125,3.0657286401447847,2.6760851140001836
370;w;9;2.343430964386314,1.6438437761817037,5.388937167166077,2.565646663282838,3.4291847859657136,2.5275978726530464,2.6149391051444337,1.9690470453017979,1.4599612137137847,2.358859830861944,5.8931713628129305,2.771081703381583,3.015125779381783,2.653457982863725,2.9398887377017044,1.735834936691532,8.078881077767866,2.6966434292985606,2.8759399668706633,2.591771942882892
371;w;9;5.6191891729505885,3.278341892686546,4.2364059553843,4.721304761258191,5.512200524552857,3.826668807677636,3.6851146020732384,4.359993269518038,4.49926112684721,5.751628114420351,2.523646556918544,3.4175400366957667,5.300095097315846,8.280631193260238,6.5697514163573345,4.621501260352413,2.718414093145841,3.0266748505052985,7.558742489893422
372;w;9;1.1246983716121297,1.0777732326028227,0.8698646213332882,0.6138501107264672,1.3227992250383453,1.4983529208928716,1.0934643068580296,0.721662014889835,1.0405084095357007,8.86273070310459,0.9058423053120132,1.856382370782007,1.409060064477636,1.0707029031609072,1.1905181636601854
373;w;9;0.4359705816261526,0.8278063198987864,0.8562981800041314,0.4884145516904399,0.5743088926877161,0.7716278439896275,0.9545852891281305,0.7108791439360375,0.6718237231204205,0.8518274751204491,0.6107064196840281,0.6498609200121462,0.8800672681197172,0.7854534421427237,0.514240268506265,0.46184205914499354,0.6637824834941299,0.6852127451097964,0.749724914757506,0.729817414152692,0.8060472184065296,0.8816109595502793
374;w;9;2.0975267987651973,3.426037436509484,2.3482502154309963,2.2852877696329448,4.6474741978723335,3.4436474390128806,3.7823146733414905,3.0690133199111487,3.4734084489378323,3.644079930779606,2.457750261547869,3.3027200318205776,2.5723797234790413,3.5746275927513205,3.775612296731017,2.8272463564167083,3.975590391950782,4.4817749973278085
375;w;9;0.12095786060349148,0.11841551127609842,0.13788148550887996,0.13291488012073852,0.10728282455942723,0.08129631323525319,0.10076905068163047,0.12395799573136691,0.07760384295998661,0.1501211432423025,0.3494668630374391,0.13086122930400856,0.5366180701957773,0.11444883256842069,0.12087825317280866,0.1039077243919306,0.12764247928891811,0.10251468094750746,0.10014925329470573,0.44615094747381745,0.10974125375533024,0.10778393009166445
376;w;9;3.6735988479059043,3.529091064327058,4.51066672159526,2.9281645907725693,2.222644822738983,2.593846146824896,2.084135819559243,2.686938985852668,4.23965587246722,2.0654207412333974,2.8121492627413507,3.8352636326214458,3.8237485028804734,2.9273574326198815,3.2469511876862867,3.593521785990228,2.933886964829753,2.919644919096703,1.9998154804184736,3.442067406805159,3.90078104981551,3.575502311761738,2.966053332576599,4.870220608750913,3.0570431360836916,3.584583943328368,3.9714075251846293,4.386255156448444,2.5508321738194875,3.823188679757763
377;w;9;5.573666450045106,4.534621451220925,4.6407170925763435,5.144201778100375,4.472228039703604,3.3325957816750105,3.6948792834290276,6.718985103456031,4.770698122552705,4.864606152715842,3.3851632445548887
378;w;9;0.4615461419716451,0.44790380455845996,0.5176550094744208,0.5275773176737053,0.3734601577934912,0.7638406824296531,0.3821675076857074,0.37991931753900604,0.35638142655092475,0.415432647479498,0.246575699266666,0.5317879801557823,0.42039529036376627,0.6221084234609034,0.3601547426928951,0.3283989423070013,2.228625788773279,0.6066579849008624,0.3009569610121081,0.5546825204651001,0.44054694012780415,0.4622991075437881,0.4536116083520457
379;w;9;1.5244764062401492,1.4345048478886664,1.3692612215360451,1.7191954090765456,1.1108712224793844,1.6458690489660583,1.6327688975253547,2.1592603751711135,2.1687479185419756,2.5058865537277772,2.2383548846181953,2.5087528324917465,1.5342456163145552,1.5444126510270464,2.0608581950752063,1.6223150454172899,3.2494568241069137,1.8430872565813157,1.6521936042837975,1.7276219640274513,1.386765326337044,7.6166279662612055,1.6918432926536442,0.6107158512810933,2.3138309392582577,2.097095952517145,1.4810741890539585,2.1540221843188467,12.026564937694538
380;w;10;0.3016015541922036,0.3529631493927773,0.5600616099714666,0.3166378171168995,0.4169306109229277,0.3249385557505594,0.3080031001906257,0.3750355094008831,0.2586999559889301,0.41381962219988866,0.23722986663553308,0.30289868474908893,0.423417847556133,0.3681741082914326,0.2937129266461036,1.02422676143899,0.3670559729331609,0.3482877677363857,0.39183419197172675
381;w;10;3.300050791943619,14.520747501963134,4.209371346662054,2.2533186381400085,2.3411151836258415,1.8471095907506037,2.326710555864665,10.858621538777232,2.789565964943236,1.9351954218354588,4.287237289686507,2.219909706925507
382;w;10;5.185336401169558,3.800462893739213,2.838577395688514,3.5550953587672107,3.0479254913067657,2.669332860185523,3.8195706526745905,3.5290930186873695,3.3744053741863054,2.9437418503014503
383;w;10;2.9522265496779796,0.920692933991893,3.0129152197863625,0.685488260871704,0.8164570075949313,1.12541667328161,0.982691409351749,0.8075288484153471,0.9146014942120081,0.9091785119475873,0.9456391639194492,0.747416905090365,0.7313419454855256
384;w;10;3.7307264704539667,0.6864715141909684,1.0455566789247552,0.9355606541682323,1.0126833153156098,0.8424088502410118,1.012019692142366,0.6950365804211199,0.8344588934370194,0.8782047360857306,0.9980484055957564,0.6395405393045559,1.0516265928200534,0.7665052071862458,1.0868673653980936,0.7946876968900954,1.0514719178149783,1.1077820833387637,0.8033096177206522,1.0741068669689375,0.9868043966007105,0.5409311208584988,0.9663300183738276,0.6560277279890601,1.0393882240310939,0.5578310389456281
385;w;10;0.9968920214382965,0.33445093683750426,0.25303868527971735,0.30486878461283234,0.21902866515145358,0.42643199500563084,0.3366078818561169,0.26051300905314734,0.2617479832641949,0.3596670541615129,0.2938425575719013
386;w;10;2.510087559286094,2.083805490456545,2.602565507566019,2.039486069005536,2.158954174065117,2.136640819239075,1.6486481753556197,2.268577108133155,2.328796544269081,2.0712457488204534,1.3259852522803193,13.155920100378996
387;w;10;1.463906239830934,1.9986974134053106,1.6448156712114952,1.933786848043844,1.605473179877413,1.240972626493454,1.5547917173818395,2.0255290316214025,2.1445603463087264,1.867613657481505,1.8305091407730516,2.149043651868461,1.7117571846659934,2.014271969551391,15.832002353930124,1.8001691408593345
388;w;10;2.0248154821892888,2.9913890606810822,3.7169937950114758,2.4244685969392976,2.368810539384878,3.0780508897578884,2.7435491875214923,2.408387043581845,3.49986041839198,2.702285108243979,2.8286841614276255,3.2612089648774103,2.843928213377923,2.813525084890067,3.7147789269745397,3.2449729258863327,2.8027154165536374,3.453287614542956,5.375891251515999
389;w;10;3.480437964422161,3.633089504907756,2.7230065619759816,4.206429571776992,4.166421516503948,3.842108454339511,5.18858684256085,2.8102080411029853,2.526704546266932,3.478593513764536,3.3919731552603607,13.829859062932297,4.00016567690572,3.062844894842188,4.188563354822918,4.680834560129538,3.688938763811613,4.288893567334321,5.7868479504823656,2.64390103201447,3.6195522855737514,3.738130027288267
390;w;10;3.081544593748197,3.0255515645837647,2.2470354680819877,3.0565057482476705,3.2903913355254013,1.349160180217913,3.0349408283482897,2.358819579994184,2.5150662515227893,2.784933813438595,1.570623586839706,1.4910751720247277,2.497081538900471,3.5971383078675907,2.9115706381174316
391;w;10;0.7574708356329771,1.1014284031707502,0.910642956498653,0.8192693062650646,1.212385227274627,0.8832450131252403,0.670757286411515,0.9578443670893055,5.963338397770346,4.84829041389487,1.0771726580430245,0.7315119846445126,0.921141127698481,0.9198174972708228,0.7100738716660213,1.0834577616590062,1.1706634311422328,0.9112741079581238,1.032502214769538,3.943697003115981,1.1852704432413874
392;w;10;3.0751695824853926,3.1818232820571115,3.4813572984456598,4.391838867236555,4.972653934608129,2.767931056247762,4.146361632801046,3.165405308690346,4.899369765474377,4.563922841864324,2.982167982059564,4.524101296732722,3.9658622990640247,3.629639028119359,3.40224853011451,3.2177345685478698,4.243690327128358,3.1612045334875263,3.5298904177725734,2.522524562400073,15.688385767792957,3.17987286459763,4.0806145392243325,3.1025552994432695,3.2757883877672676
393;w;10;1.939526011708828,2.239449302615822,2.837563692991145,4.790887016550476,1.722266110344564,2.351814406882317,2.271003625194284,2.057164985273934,2.361498322002329,2.8011903829944997,2.198042312458454,2.4867125761465845,3.152210059882876
394;w;10;4.734288307362422,4.924589388019688,4.222270423757863,4.332152823421485,4.342620376300153,13.78573863146984,5.22160071131252,2.3649080597291494,3.3325797073799652,3.310305203410792,2.8494457604524,4.842161845541349,3.777624624860927,4.593037840367883,3.7121202243586553,3.0493723762043996
395;w;10;0.5440954176605914,0.5942570256933739,0.6758445902713243,0.4082798761869002,0.44856822177764255,0.4431918396201921,0.621402322344271,0.38668712441295666,0.5484135512966816,0.5309750122358454,0.8123759526934319,0.5332882624292274,0.550155891569574,0.5043040435094609,0.48311662737670535
396;w;10;1.5529496238445766,1.9503471710487836,3.3263646815431014,4.076656496307732,2.037979068123115,1.9167539171161059,2.622309483968667,2.568272171014466,1.5985083793698156,5.417197767380909,2.4237612724003923,2.180544881049978,3.0565353955585914,1.3556318688641338,2.6570052338417764,2.412769916297973,1.5611032040330142,2.8121072391930424,1.8222400754577306,2.2431696807860013,1.4012065393439264,7.813209625407076,2.2803430870552077,1.7128859155095693,2.0348168180635953,1.5666450284534696,2.1921627055031316,2.3468234485243005,2.133290092058647,2.972235000841356
397;w;10;13.62413027208201,2.1717906744445354,1.5245253287168086,2.6066696774057054,2.857290994836689,2.374512963817134,1.6614781763361053,2.4901298983302813,2.880493135357928,2.98067356600703,2.5346284588288666
398;w;10;3.041864381792946,3.077823342533743,5.037103019624114,14.24707755163538,4.329927202416904,4.857412493281638,5.205792796298337,3.681341139394818,1.9484909593446118,4.259590512644771,4.034484774527296,3.6828094361173935,3.1320541956246406,4.303097445613089,4.929940565784431,4.5533551168751805,3.3076778680080183,12.411618111294857,3.8580482356409056,1.555375820358277,3.649199313977855,3.7040746635139903,2.9379125754379922,3.875883765070789,2.605547547519034,4.005825511007249,3.733733171013254,3.181410392318185,4.099572745962641,12.66114207854754
399;w;10;1.7563921591401328,2.4034623434324995,2.0247201680756337,2.0487873850705833,1.016938007069389,1.5307879280827674,1.1441179199587974,1.8677827564315692,1.875307271976326,1.719152494566761,6.486362498614363,1.4549690127858275,1.2197052647277096,1.52267431396685,0.8856117196100692,1.0702565154759052,1.9750019099476295,1.8403735242560744,2.0798480178644025
